run_id,direction,model,seed,condition,source_cube,calibration,n,n_correct,accuracy,nll,brier,ece_10
suffix_1_to_2__fusion_net__probability_ensemble,suffix_1_to_2,fusion_net,probability_ensemble,full,0-2,raw,80,56,0.7,1.3650774216460733,0.6241664870346952,0.3784178570147051
suffix_1_to_2__fusion_net__probability_ensemble,suffix_1_to_2,fusion_net,probability_ensemble,full,0-2,temperature_scaled,80,57,0.7125,1.3112845593731628,0.5903810067698053,0.36586702571557095
suffix_1_to_2__fusion_net__probability_ensemble,suffix_1_to_2,fusion_net,probability_ensemble,full,1-2,raw,80,17,0.2125,1.989654918203783,0.8840472615152508,0.1518950952145665
suffix_1_to_2__fusion_net__probability_ensemble,suffix_1_to_2,fusion_net,probability_ensemble,full,1-2,temperature_scaled,80,16,0.2,1.9621991116852697,0.8724637291126008,0.11036627048102467
suffix_1_to_2__fusion_net__probability_ensemble,suffix_1_to_2,fusion_net,probability_ensemble,full,2-2,raw,80,18,0.225,1.8656675189100285,0.8382780337560446,0.12247835404541646
suffix_1_to_2__fusion_net__probability_ensemble,suffix_1_to_2,fusion_net,probability_ensemble,full,2-2,temperature_scaled,80,25,0.3125,1.8338804561267352,0.8236130115651769,0.10830155522306532
suffix_1_to_2__fusion_net__probability_ensemble,suffix_1_to_2,fusion_net,probability_ensemble,full,3-2,raw,80,59,0.7375,1.2339507813146962,0.5798825806559593,0.38410215809526627
suffix_1_to_2__fusion_net__probability_ensemble,suffix_1_to_2,fusion_net,probability_ensemble,full,3-2,temperature_scaled,80,53,0.6625,1.2243171632401197,0.56827298918201,0.3154770302450697
suffix_1_to_2__fusion_net__probability_ensemble,suffix_1_to_2,fusion_net,probability_ensemble,full,4-2,raw,80,8,0.1,1.948325569082892,0.8674215653888112,0.18179781138823997
suffix_1_to_2__fusion_net__probability_ensemble,suffix_1_to_2,fusion_net,probability_ensemble,full,4-2,temperature_scaled,80,15,0.1875,1.9151557951921006,0.8569879171656696,0.16007768061779057
suffix_1_to_2__fusion_net__probability_ensemble,suffix_1_to_2,fusion_net,probability_ensemble,full,5-2,raw,80,9,0.1125,2.1159018667537093,0.9089098158951459,0.21254496875482648
suffix_1_to_2__fusion_net__probability_ensemble,suffix_1_to_2,fusion_net,probability_ensemble,full,5-2,temperature_scaled,80,13,0.1625,2.0912755852334657,0.8978517373147481,0.14161873336543895
suffix_1_to_2__fusion_net__probability_ensemble,suffix_1_to_2,fusion_net,probability_ensemble,full,6-2,raw,80,35,0.4375,1.7373016573601965,0.7673042826801877,0.15045535868693735
suffix_1_to_2__fusion_net__probability_ensemble,suffix_1_to_2,fusion_net,probability_ensemble,full,6-2,temperature_scaled,80,35,0.4375,1.7348206258613998,0.7640297848978171,0.14995541684921504
suffix_1_to_2__fusion_net__probability_ensemble,suffix_1_to_2,fusion_net,probability_ensemble,full,7-2,raw,54,45,0.8333333333333334,0.9554331318296806,0.41549260476974514,0.35493778166610745
suffix_1_to_2__fusion_net__probability_ensemble,suffix_1_to_2,fusion_net,probability_ensemble,full,7-2,temperature_scaled,54,45,0.8333333333333334,0.9620416387607512,0.4182942133160793,0.3535745434619282
suffix_1_to_2__fusion_net__probability_ensemble,suffix_1_to_2,fusion_net,probability_ensemble,mask_only,0-2,raw,80,0,0.0,2.3618730790906697,0.9821564635527054,0.28833286302655714
suffix_1_to_2__fusion_net__probability_ensemble,suffix_1_to_2,fusion_net,probability_ensemble,mask_only,0-2,temperature_scaled,80,0,0.0,2.3627761273822347,0.9907347265737115,0.29989004948524756
suffix_1_to_2__fusion_net__probability_ensemble,suffix_1_to_2,fusion_net,probability_ensemble,mask_only,1-2,raw,80,6,0.075,2.004702794355282,0.9204510069085152,0.24365084818936797
suffix_1_to_2__fusion_net__probability_ensemble,suffix_1_to_2,fusion_net,probability_ensemble,mask_only,1-2,temperature_scaled,80,2,0.025,2.03951943984242,0.930330751331985,0.30392975884623546
suffix_1_to_2__fusion_net__probability_ensemble,suffix_1_to_2,fusion_net,probability_ensemble,mask_only,2-2,raw,80,24,0.3,1.972156203949152,0.8594513331070457,0.2106240696956294
suffix_1_to_2__fusion_net__probability_ensemble,suffix_1_to_2,fusion_net,probability_ensemble,mask_only,2-2,temperature_scaled,80,24,0.3,1.967015782960401,0.851115473832226,0.1294852281057303
suffix_1_to_2__fusion_net__probability_ensemble,suffix_1_to_2,fusion_net,probability_ensemble,mask_only,3-2,raw,80,0,0.0,2.1240462164574136,0.8751404687531295,0.2533846089673894
suffix_1_to_2__fusion_net__probability_ensemble,suffix_1_to_2,fusion_net,probability_ensemble,mask_only,3-2,temperature_scaled,80,0,0.0,2.1303905910859804,0.8950738818008841,0.2701828103054065
suffix_1_to_2__fusion_net__probability_ensemble,suffix_1_to_2,fusion_net,probability_ensemble,mask_only,4-2,raw,80,0,0.0,2.5348344752540086,1.014273733124091,0.2911054569637021
suffix_1_to_2__fusion_net__probability_ensemble,suffix_1_to_2,fusion_net,probability_ensemble,mask_only,4-2,temperature_scaled,80,0,0.0,2.5080925328964256,1.0184124923254565,0.302343651992652
suffix_1_to_2__fusion_net__probability_ensemble,suffix_1_to_2,fusion_net,probability_ensemble,mask_only,5-2,raw,80,15,0.1875,1.9518817995879636,0.8908081856021692,0.13464539936170597
suffix_1_to_2__fusion_net__probability_ensemble,suffix_1_to_2,fusion_net,probability_ensemble,mask_only,5-2,temperature_scaled,80,15,0.1875,1.9583222410399685,0.8919102975602623,0.21448141608239574
suffix_1_to_2__fusion_net__probability_ensemble,suffix_1_to_2,fusion_net,probability_ensemble,mask_only,6-2,raw,80,33,0.4125,1.7747970639380983,0.7964374655935931,0.17322424880797307
suffix_1_to_2__fusion_net__probability_ensemble,suffix_1_to_2,fusion_net,probability_ensemble,mask_only,6-2,temperature_scaled,80,27,0.3375,1.8327348942602257,0.8156595615319597,0.09051384060420814
suffix_1_to_2__fusion_net__probability_ensemble,suffix_1_to_2,fusion_net,probability_ensemble,mask_only,7-2,raw,54,47,0.8703703703703703,0.7834704709295266,0.34093723196406167,0.3135258313894112
suffix_1_to_2__fusion_net__probability_ensemble,suffix_1_to_2,fusion_net,probability_ensemble,mask_only,7-2,temperature_scaled,54,47,0.8703703703703703,0.773456507874175,0.33001962448360844,0.30944059933422596
suffix_1_to_2__fusion_net__probability_ensemble,suffix_1_to_2,fusion_net,probability_ensemble,mean_broadcast,0-2,raw,80,63,0.7875,1.2500994586990504,0.5773910534683426,0.4396109794565958
suffix_1_to_2__fusion_net__probability_ensemble,suffix_1_to_2,fusion_net,probability_ensemble,mean_broadcast,0-2,temperature_scaled,80,65,0.8125,1.1746118418529714,0.5324101844497656,0.45764315001022454
suffix_1_to_2__fusion_net__probability_ensemble,suffix_1_to_2,fusion_net,probability_ensemble,mean_broadcast,1-2,raw,80,15,0.1875,2.0025140333212192,0.8984389830704249,0.17926842899670264
suffix_1_to_2__fusion_net__probability_ensemble,suffix_1_to_2,fusion_net,probability_ensemble,mean_broadcast,1-2,temperature_scaled,80,17,0.2125,1.9766634989585234,0.8872228382632112,0.18440467458123733
suffix_1_to_2__fusion_net__probability_ensemble,suffix_1_to_2,fusion_net,probability_ensemble,mean_broadcast,2-2,raw,80,16,0.2,1.941615619915955,0.8613830037279847,0.10541979894517112
suffix_1_to_2__fusion_net__probability_ensemble,suffix_1_to_2,fusion_net,probability_ensemble,mean_broadcast,2-2,temperature_scaled,80,21,0.2625,1.9187006055261175,0.8506682298899495,0.1340518743927064
suffix_1_to_2__fusion_net__probability_ensemble,suffix_1_to_2,fusion_net,probability_ensemble,mean_broadcast,3-2,raw,80,46,0.575,1.4935772664545175,0.6760318969933848,0.25537113426266467
suffix_1_to_2__fusion_net__probability_ensemble,suffix_1_to_2,fusion_net,probability_ensemble,mean_broadcast,3-2,temperature_scaled,80,40,0.5,1.496585169642043,0.6714674934945781,0.2025845459355417
suffix_1_to_2__fusion_net__probability_ensemble,suffix_1_to_2,fusion_net,probability_ensemble,mean_broadcast,4-2,raw,80,9,0.1125,2.021626724659293,0.8894109349640138,0.19053609071536737
suffix_1_to_2__fusion_net__probability_ensemble,suffix_1_to_2,fusion_net,probability_ensemble,mean_broadcast,4-2,temperature_scaled,80,13,0.1625,1.9922784959229325,0.8800694603538723,0.16128327693108788
suffix_1_to_2__fusion_net__probability_ensemble,suffix_1_to_2,fusion_net,probability_ensemble,mean_broadcast,5-2,raw,80,10,0.125,2.0693531606661297,0.904200834752151,0.21297383230670033
suffix_1_to_2__fusion_net__probability_ensemble,suffix_1_to_2,fusion_net,probability_ensemble,mean_broadcast,5-2,temperature_scaled,80,13,0.1625,2.0442347822514524,0.8936769911888309,0.20401991901099378
suffix_1_to_2__fusion_net__probability_ensemble,suffix_1_to_2,fusion_net,probability_ensemble,mean_broadcast,6-2,raw,80,37,0.4625,1.6989433656008377,0.7573776314620113,0.15375574799626648
suffix_1_to_2__fusion_net__probability_ensemble,suffix_1_to_2,fusion_net,probability_ensemble,mean_broadcast,6-2,temperature_scaled,80,37,0.4625,1.7014271082122066,0.7562877511834779,0.15609963989297726
suffix_1_to_2__fusion_net__probability_ensemble,suffix_1_to_2,fusion_net,probability_ensemble,mean_broadcast,7-2,raw,54,45,0.8333333333333334,0.9173905230916726,0.40028183133652506,0.3382323199217265
suffix_1_to_2__fusion_net__probability_ensemble,suffix_1_to_2,fusion_net,probability_ensemble,mean_broadcast,7-2,temperature_scaled,54,45,0.8333333333333334,0.9142332838291594,0.3981879475209428,0.32668841397620274
suffix_1_to_2__fusion_net__probability_ensemble,suffix_1_to_2,fusion_net,probability_ensemble,spatial_shuffle,0-2,raw,80,62,0.775,1.252596182467461,0.5784872994877892,0.4286774733190347
suffix_1_to_2__fusion_net__probability_ensemble,suffix_1_to_2,fusion_net,probability_ensemble,spatial_shuffle,0-2,temperature_scaled,80,66,0.825,1.1785429844932458,0.5342753021167926,0.4535980235625863
suffix_1_to_2__fusion_net__probability_ensemble,suffix_1_to_2,fusion_net,probability_ensemble,spatial_shuffle,1-2,raw,80,15,0.1875,1.9997822745585423,0.8970229875184661,0.17649003577918046
suffix_1_to_2__fusion_net__probability_ensemble,suffix_1_to_2,fusion_net,probability_ensemble,spatial_shuffle,1-2,temperature_scaled,80,17,0.2125,1.9768747954437669,0.887155552149634,0.18109289660784064
suffix_1_to_2__fusion_net__probability_ensemble,suffix_1_to_2,fusion_net,probability_ensemble,spatial_shuffle,2-2,raw,80,17,0.2125,1.9379379550556284,0.8600774394508826,0.10564743058165628
suffix_1_to_2__fusion_net__probability_ensemble,suffix_1_to_2,fusion_net,probability_ensemble,spatial_shuffle,2-2,temperature_scaled,80,23,0.2875,1.915896713071712,0.8495824855563985,0.13992673782606718
suffix_1_to_2__fusion_net__probability_ensemble,suffix_1_to_2,fusion_net,probability_ensemble,spatial_shuffle,3-2,raw,80,44,0.55,1.5052410374292946,0.6790387163564693,0.22934462870025576
suffix_1_to_2__fusion_net__probability_ensemble,suffix_1_to_2,fusion_net,probability_ensemble,spatial_shuffle,3-2,temperature_scaled,80,40,0.5,1.5102777644668155,0.6751648879027977,0.19202997699585045
suffix_1_to_2__fusion_net__probability_ensemble,suffix_1_to_2,fusion_net,probability_ensemble,spatial_shuffle,4-2,raw,80,9,0.1125,2.0218965730094944,0.889437947080993,0.19488415620005853
suffix_1_to_2__fusion_net__probability_ensemble,suffix_1_to_2,fusion_net,probability_ensemble,spatial_shuffle,4-2,temperature_scaled,80,12,0.15,1.9928717020416886,0.8801432710491449,0.158211327725148
suffix_1_to_2__fusion_net__probability_ensemble,suffix_1_to_2,fusion_net,probability_ensemble,spatial_shuffle,5-2,raw,80,10,0.125,2.0738283705065954,0.9048829716193236,0.23161461832426364
suffix_1_to_2__fusion_net__probability_ensemble,suffix_1_to_2,fusion_net,probability_ensemble,spatial_shuffle,5-2,temperature_scaled,80,15,0.1875,2.049661290245898,0.8949718257791073,0.19407784790358085
suffix_1_to_2__fusion_net__probability_ensemble,suffix_1_to_2,fusion_net,probability_ensemble,spatial_shuffle,6-2,raw,80,39,0.4875,1.688181550316007,0.7514798136730491,0.1775647837191563
suffix_1_to_2__fusion_net__probability_ensemble,suffix_1_to_2,fusion_net,probability_ensemble,spatial_shuffle,6-2,temperature_scaled,80,36,0.45,1.6894220626467429,0.7499650553082943,0.14951019408491903
suffix_1_to_2__fusion_net__probability_ensemble,suffix_1_to_2,fusion_net,probability_ensemble,spatial_shuffle,7-2,raw,54,45,0.8333333333333334,0.9269459715385561,0.4073790548134976,0.3417983956535322
suffix_1_to_2__fusion_net__probability_ensemble,suffix_1_to_2,fusion_net,probability_ensemble,spatial_shuffle,7-2,temperature_scaled,54,45,0.8333333333333334,0.9272127114010351,0.4079024974348307,0.33072990815867953
suffix_1_to_2__snv_lr__probability_ensemble,suffix_1_to_2,snv_lr,probability_ensemble,full,0-2,raw,80,77,0.9625,0.4508671906518674,0.08058111305030417,0.05696731549598387
suffix_1_to_2__snv_lr__probability_ensemble,suffix_1_to_2,snv_lr,probability_ensemble,full,0-2,temperature_scaled,80,78,0.975,0.476282076427625,0.08937975293461727,0.0790008832697163
suffix_1_to_2__snv_lr__probability_ensemble,suffix_1_to_2,snv_lr,probability_ensemble,full,1-2,raw,80,74,0.925,0.17602814487379037,0.09248860814288833,0.0708560230922481
suffix_1_to_2__snv_lr__probability_ensemble,suffix_1_to_2,snv_lr,probability_ensemble,full,1-2,temperature_scaled,80,74,0.925,0.19949721358801756,0.0910329170100488,0.10800880441955665
suffix_1_to_2__snv_lr__probability_ensemble,suffix_1_to_2,snv_lr,probability_ensemble,full,2-2,raw,80,55,0.6875,1.1300951173949663,0.5058873050787847,0.19734795709299338
suffix_1_to_2__snv_lr__probability_ensemble,suffix_1_to_2,snv_lr,probability_ensemble,full,2-2,temperature_scaled,80,55,0.6875,0.9737364679671394,0.48588015337788926,0.17182270503823938
suffix_1_to_2__snv_lr__probability_ensemble,suffix_1_to_2,snv_lr,probability_ensemble,full,3-2,raw,80,76,0.95,0.09862457669332376,0.05468439913022334,0.0350427509338431
suffix_1_to_2__snv_lr__probability_ensemble,suffix_1_to_2,snv_lr,probability_ensemble,full,3-2,temperature_scaled,80,76,0.95,0.1105021956340075,0.055650870245406006,0.05055330459690125
suffix_1_to_2__snv_lr__probability_ensemble,suffix_1_to_2,snv_lr,probability_ensemble,full,4-2,raw,80,75,0.9375,0.5705476594482641,0.09223495127984759,0.04216164512976248
suffix_1_to_2__snv_lr__probability_ensemble,suffix_1_to_2,snv_lr,probability_ensemble,full,4-2,temperature_scaled,80,75,0.9375,0.5297275534046324,0.09214970025885448,0.05179924642407024
suffix_1_to_2__snv_lr__probability_ensemble,suffix_1_to_2,snv_lr,probability_ensemble,full,5-2,raw,80,29,0.3625,2.2859039536662236,1.069886986577126,0.47792834833034736
suffix_1_to_2__snv_lr__probability_ensemble,suffix_1_to_2,snv_lr,probability_ensemble,full,5-2,temperature_scaled,80,27,0.3375,1.813479130992389,0.9700712098355453,0.4029055063473906
suffix_1_to_2__snv_lr__probability_ensemble,suffix_1_to_2,snv_lr,probability_ensemble,full,6-2,raw,80,79,0.9875,0.10453436179971595,0.04005465338778383,0.06094358375750411
suffix_1_to_2__snv_lr__probability_ensemble,suffix_1_to_2,snv_lr,probability_ensemble,full,6-2,temperature_scaled,80,79,0.9875,0.16600141806124286,0.05975296486491986,0.11772453085249712
suffix_1_to_2__snv_lr__probability_ensemble,suffix_1_to_2,snv_lr,probability_ensemble,full,7-2,raw,54,53,0.9814814814814815,0.39469302317978855,0.04280376207802971,0.01923301530072899
suffix_1_to_2__snv_lr__probability_ensemble,suffix_1_to_2,snv_lr,probability_ensemble,full,7-2,temperature_scaled,54,53,0.9814814814814815,0.3571986305583299,0.054249706110883665,0.04668777435951067
suffix_1_to_2__snv_lr__probability_ensemble,suffix_1_to_2,snv_lr,probability_ensemble,mask_only,0-2,raw,80,0,0.0,27.631021115928547,1.5555555555555556,0.6666666666666667
suffix_1_to_2__snv_lr__probability_ensemble,suffix_1_to_2,snv_lr,probability_ensemble,mask_only,0-2,temperature_scaled,80,0,0.0,27.631021115928547,1.5555555555555556,0.6666666666666667
suffix_1_to_2__snv_lr__probability_ensemble,suffix_1_to_2,snv_lr,probability_ensemble,mask_only,1-2,raw,80,0,0.0,27.631021115928547,1.5555555555555556,0.6666666666666667
suffix_1_to_2__snv_lr__probability_ensemble,suffix_1_to_2,snv_lr,probability_ensemble,mask_only,1-2,temperature_scaled,80,0,0.0,27.631021115928547,1.5555555555555556,0.6666666666666667
suffix_1_to_2__snv_lr__probability_ensemble,suffix_1_to_2,snv_lr,probability_ensemble,mask_only,2-2,raw,80,0,0.0,27.631021115928547,1.5555555555555556,0.6666666666666667
suffix_1_to_2__snv_lr__probability_ensemble,suffix_1_to_2,snv_lr,probability_ensemble,mask_only,2-2,temperature_scaled,80,0,0.0,27.631021115928547,1.5555555555555556,0.6666666666666667
suffix_1_to_2__snv_lr__probability_ensemble,suffix_1_to_2,snv_lr,probability_ensemble,mask_only,3-2,raw,80,0,0.0,27.631021115928547,1.5555555555555556,0.6666666666666667
suffix_1_to_2__snv_lr__probability_ensemble,suffix_1_to_2,snv_lr,probability_ensemble,mask_only,3-2,temperature_scaled,80,0,0.0,27.631021115928547,1.5555555555555556,0.6666666666666667
suffix_1_to_2__snv_lr__probability_ensemble,suffix_1_to_2,snv_lr,probability_ensemble,mask_only,4-2,raw,80,80,1.0,0.4054651081081645,0.22222222222222227,0.33333333333333326
suffix_1_to_2__snv_lr__probability_ensemble,suffix_1_to_2,snv_lr,probability_ensemble,mask_only,4-2,temperature_scaled,80,80,1.0,0.4054651081081645,0.22222222222222227,0.33333333333333326
suffix_1_to_2__snv_lr__probability_ensemble,suffix_1_to_2,snv_lr,probability_ensemble,mask_only,5-2,raw,80,0,0.0,27.631021115928547,1.5555555555555556,0.6666666666666667
suffix_1_to_2__snv_lr__probability_ensemble,suffix_1_to_2,snv_lr,probability_ensemble,mask_only,5-2,temperature_scaled,80,0,0.0,27.631021115928547,1.5555555555555556,0.6666666666666667
suffix_1_to_2__snv_lr__probability_ensemble,suffix_1_to_2,snv_lr,probability_ensemble,mask_only,6-2,raw,80,0,0.0,27.631021115928547,1.5555555555555556,0.6666666666666667
suffix_1_to_2__snv_lr__probability_ensemble,suffix_1_to_2,snv_lr,probability_ensemble,mask_only,6-2,temperature_scaled,80,0,0.0,27.631021115928547,1.5555555555555556,0.6666666666666667
suffix_1_to_2__snv_lr__probability_ensemble,suffix_1_to_2,snv_lr,probability_ensemble,mask_only,7-2,raw,54,0,0.0,1.0986122886681096,0.8888888888888886,0.6666666666666664
suffix_1_to_2__snv_lr__probability_ensemble,suffix_1_to_2,snv_lr,probability_ensemble,mask_only,7-2,temperature_scaled,54,0,0.0,1.0986122886681096,0.8888888888888886,0.6666666666666664
suffix_1_to_2__snv_lr__probability_ensemble,suffix_1_to_2,snv_lr,probability_ensemble,mean_broadcast,0-2,raw,80,77,0.9625,0.4508671906518674,0.08058111305030417,0.05696731549598387
suffix_1_to_2__snv_lr__probability_ensemble,suffix_1_to_2,snv_lr,probability_ensemble,mean_broadcast,0-2,temperature_scaled,80,78,0.975,0.476282076427625,0.08937975293461727,0.0790008832697163
suffix_1_to_2__snv_lr__probability_ensemble,suffix_1_to_2,snv_lr,probability_ensemble,mean_broadcast,1-2,raw,80,74,0.925,0.17602814487379037,0.09248860814288833,0.0708560230922481
suffix_1_to_2__snv_lr__probability_ensemble,suffix_1_to_2,snv_lr,probability_ensemble,mean_broadcast,1-2,temperature_scaled,80,74,0.925,0.19949721358801756,0.0910329170100488,0.10800880441955665
suffix_1_to_2__snv_lr__probability_ensemble,suffix_1_to_2,snv_lr,probability_ensemble,mean_broadcast,2-2,raw,80,55,0.6875,1.1300951173949663,0.5058873050787847,0.19734795709299338
suffix_1_to_2__snv_lr__probability_ensemble,suffix_1_to_2,snv_lr,probability_ensemble,mean_broadcast,2-2,temperature_scaled,80,55,0.6875,0.9737364679671394,0.48588015337788926,0.17182270503823938
suffix_1_to_2__snv_lr__probability_ensemble,suffix_1_to_2,snv_lr,probability_ensemble,mean_broadcast,3-2,raw,80,76,0.95,0.09862457669332376,0.05468439913022334,0.0350427509338431
suffix_1_to_2__snv_lr__probability_ensemble,suffix_1_to_2,snv_lr,probability_ensemble,mean_broadcast,3-2,temperature_scaled,80,76,0.95,0.1105021956340075,0.055650870245406006,0.05055330459690125
suffix_1_to_2__snv_lr__probability_ensemble,suffix_1_to_2,snv_lr,probability_ensemble,mean_broadcast,4-2,raw,80,75,0.9375,0.5705476594482641,0.09223495127984759,0.04216164512976248
suffix_1_to_2__snv_lr__probability_ensemble,suffix_1_to_2,snv_lr,probability_ensemble,mean_broadcast,4-2,temperature_scaled,80,75,0.9375,0.5297275534046324,0.09214970025885448,0.05179924642407024
suffix_1_to_2__snv_lr__probability_ensemble,suffix_1_to_2,snv_lr,probability_ensemble,mean_broadcast,5-2,raw,80,29,0.3625,2.2859039536662236,1.069886986577126,0.47792834833034736
suffix_1_to_2__snv_lr__probability_ensemble,suffix_1_to_2,snv_lr,probability_ensemble,mean_broadcast,5-2,temperature_scaled,80,27,0.3375,1.813479130992389,0.9700712098355453,0.4029055063473906
suffix_1_to_2__snv_lr__probability_ensemble,suffix_1_to_2,snv_lr,probability_ensemble,mean_broadcast,6-2,raw,80,79,0.9875,0.10453436179971595,0.04005465338778383,0.06094358375750411
suffix_1_to_2__snv_lr__probability_ensemble,suffix_1_to_2,snv_lr,probability_ensemble,mean_broadcast,6-2,temperature_scaled,80,79,0.9875,0.16600141806124286,0.05975296486491986,0.11772453085249712
suffix_1_to_2__snv_lr__probability_ensemble,suffix_1_to_2,snv_lr,probability_ensemble,mean_broadcast,7-2,raw,54,53,0.9814814814814815,0.39469302317978855,0.04280376207802971,0.01923301530072899
suffix_1_to_2__snv_lr__probability_ensemble,suffix_1_to_2,snv_lr,probability_ensemble,mean_broadcast,7-2,temperature_scaled,54,53,0.9814814814814815,0.3571986305583299,0.054249706110883665,0.04668777435951067
suffix_1_to_2__snv_lr__probability_ensemble,suffix_1_to_2,snv_lr,probability_ensemble,spatial_shuffle,0-2,raw,80,77,0.9625,0.4508671906518674,0.08058111305030417,0.05696731549598387
suffix_1_to_2__snv_lr__probability_ensemble,suffix_1_to_2,snv_lr,probability_ensemble,spatial_shuffle,0-2,temperature_scaled,80,78,0.975,0.476282076427625,0.08937975293461727,0.0790008832697163
suffix_1_to_2__snv_lr__probability_ensemble,suffix_1_to_2,snv_lr,probability_ensemble,spatial_shuffle,1-2,raw,80,74,0.925,0.17602814487379037,0.09248860814288833,0.0708560230922481
suffix_1_to_2__snv_lr__probability_ensemble,suffix_1_to_2,snv_lr,probability_ensemble,spatial_shuffle,1-2,temperature_scaled,80,74,0.925,0.19949721358801756,0.0910329170100488,0.10800880441955665
suffix_1_to_2__snv_lr__probability_ensemble,suffix_1_to_2,snv_lr,probability_ensemble,spatial_shuffle,2-2,raw,80,55,0.6875,1.1300951173949663,0.5058873050787847,0.19734795709299338
suffix_1_to_2__snv_lr__probability_ensemble,suffix_1_to_2,snv_lr,probability_ensemble,spatial_shuffle,2-2,temperature_scaled,80,55,0.6875,0.9737364679671394,0.48588015337788926,0.17182270503823938
suffix_1_to_2__snv_lr__probability_ensemble,suffix_1_to_2,snv_lr,probability_ensemble,spatial_shuffle,3-2,raw,80,76,0.95,0.09862457669332376,0.05468439913022334,0.0350427509338431
suffix_1_to_2__snv_lr__probability_ensemble,suffix_1_to_2,snv_lr,probability_ensemble,spatial_shuffle,3-2,temperature_scaled,80,76,0.95,0.1105021956340075,0.055650870245406006,0.05055330459690125
suffix_1_to_2__snv_lr__probability_ensemble,suffix_1_to_2,snv_lr,probability_ensemble,spatial_shuffle,4-2,raw,80,75,0.9375,0.5705476594482641,0.09223495127984759,0.04216164512976248
suffix_1_to_2__snv_lr__probability_ensemble,suffix_1_to_2,snv_lr,probability_ensemble,spatial_shuffle,4-2,temperature_scaled,80,75,0.9375,0.5297275534046324,0.09214970025885448,0.05179924642407024
suffix_1_to_2__snv_lr__probability_ensemble,suffix_1_to_2,snv_lr,probability_ensemble,spatial_shuffle,5-2,raw,80,29,0.3625,2.2859039536662236,1.069886986577126,0.47792834833034736
suffix_1_to_2__snv_lr__probability_ensemble,suffix_1_to_2,snv_lr,probability_ensemble,spatial_shuffle,5-2,temperature_scaled,80,27,0.3375,1.813479130992389,0.9700712098355453,0.4029055063473906
suffix_1_to_2__snv_lr__probability_ensemble,suffix_1_to_2,snv_lr,probability_ensemble,spatial_shuffle,6-2,raw,80,79,0.9875,0.10453436179971595,0.04005465338778383,0.06094358375750411
suffix_1_to_2__snv_lr__probability_ensemble,suffix_1_to_2,snv_lr,probability_ensemble,spatial_shuffle,6-2,temperature_scaled,80,79,0.9875,0.16600141806124286,0.05975296486491986,0.11772453085249712
suffix_1_to_2__snv_lr__probability_ensemble,suffix_1_to_2,snv_lr,probability_ensemble,spatial_shuffle,7-2,raw,54,53,0.9814814814814815,0.39469302317978855,0.04280376207802971,0.01923301530072899
suffix_1_to_2__snv_lr__probability_ensemble,suffix_1_to_2,snv_lr,probability_ensemble,spatial_shuffle,7-2,temperature_scaled,54,53,0.9814814814814815,0.3571986305583299,0.054249706110883665,0.04668777435951067
suffix_1_to_2__spectral_only__probability_ensemble,suffix_1_to_2,spectral_only,probability_ensemble,full,0-2,raw,80,75,0.9375,1.266669109052232,0.5950135457982976,0.6488987957082624
suffix_1_to_2__spectral_only__probability_ensemble,suffix_1_to_2,spectral_only,probability_ensemble,full,0-2,temperature_scaled,80,75,0.9375,1.1752155907102453,0.5462344704383335,0.6158030255609932
suffix_1_to_2__spectral_only__probability_ensemble,suffix_1_to_2,spectral_only,probability_ensemble,full,1-2,raw,80,39,0.4875,1.8635232840489375,0.82127629917381,0.3445529271751988
suffix_1_to_2__spectral_only__probability_ensemble,suffix_1_to_2,spectral_only,probability_ensemble,full,1-2,temperature_scaled,80,38,0.475,1.8187624029367826,0.8089652490158731,0.3478081883548919
suffix_1_to_2__spectral_only__probability_ensemble,suffix_1_to_2,spectral_only,probability_ensemble,full,2-2,raw,80,22,0.275,1.903102406546242,0.8341578503541778,0.2165646773850423
suffix_1_to_2__spectral_only__probability_ensemble,suffix_1_to_2,spectral_only,probability_ensemble,full,2-2,temperature_scaled,80,22,0.275,1.8802367852823294,0.8338687189405143,0.29439969451922565
suffix_1_to_2__spectral_only__probability_ensemble,suffix_1_to_2,spectral_only,probability_ensemble,full,3-2,raw,80,55,0.6875,1.4463807694405026,0.6805916321133191,0.46125522035823197
suffix_1_to_2__spectral_only__probability_ensemble,suffix_1_to_2,spectral_only,probability_ensemble,full,3-2,temperature_scaled,80,55,0.6875,1.351193525591,0.6359649175309325,0.38499446649851954
suffix_1_to_2__spectral_only__probability_ensemble,suffix_1_to_2,spectral_only,probability_ensemble,full,4-2,raw,80,61,0.7625,1.5989852056536136,0.7288561525083621,0.5499149519965042
suffix_1_to_2__spectral_only__probability_ensemble,suffix_1_to_2,spectral_only,probability_ensemble,full,4-2,temperature_scaled,80,60,0.75,1.4130514607237044,0.6512148528966589,0.4853354551310083
suffix_1_to_2__spectral_only__probability_ensemble,suffix_1_to_2,spectral_only,probability_ensemble,full,5-2,raw,80,32,0.4,1.88873591535816,0.8288384150310211,0.2512857149688174
suffix_1_to_2__spectral_only__probability_ensemble,suffix_1_to_2,spectral_only,probability_ensemble,full,5-2,temperature_scaled,80,34,0.425,1.8443933361447076,0.8176993902564318,0.2803330040308471
suffix_1_to_2__spectral_only__probability_ensemble,suffix_1_to_2,spectral_only,probability_ensemble,full,6-2,raw,80,0,0.0,1.940677174723841,0.8437744793029168,0.16263919410522432
suffix_1_to_2__spectral_only__probability_ensemble,suffix_1_to_2,spectral_only,probability_ensemble,full,6-2,temperature_scaled,80,0,0.0,1.9301688557514478,0.8440241108627795,0.18122434902333523
suffix_1_to_2__spectral_only__probability_ensemble,suffix_1_to_2,spectral_only,probability_ensemble,full,7-2,raw,54,35,0.6481481481481481,1.6651852955804176,0.7381440300902611,0.4288443194902836
suffix_1_to_2__spectral_only__probability_ensemble,suffix_1_to_2,spectral_only,probability_ensemble,full,7-2,temperature_scaled,54,37,0.6851851851851852,1.5300012522656912,0.6746532895135615,0.41594962009860026
suffix_1_to_2__spectral_only__probability_ensemble,suffix_1_to_2,spectral_only,probability_ensemble,mask_only,0-2,raw,80,0,0.0,2.501081168523911,1.0494281848580935,0.40311149077926
suffix_1_to_2__spectral_only__probability_ensemble,suffix_1_to_2,spectral_only,probability_ensemble,mask_only,0-2,temperature_scaled,80,0,0.0,2.5126712958470248,1.0579749295411744,0.41335228671516033
suffix_1_to_2__spectral_only__probability_ensemble,suffix_1_to_2,spectral_only,probability_ensemble,mask_only,1-2,raw,80,0,0.0,2.434392819111206,1.038118880835951,0.40311149077926
suffix_1_to_2__spectral_only__probability_ensemble,suffix_1_to_2,spectral_only,probability_ensemble,mask_only,1-2,temperature_scaled,80,0,0.0,2.490763074356138,1.0543843559262527,0.41335228671516033
suffix_1_to_2__spectral_only__probability_ensemble,suffix_1_to_2,spectral_only,probability_ensemble,mask_only,2-2,raw,80,0,0.0,2.4493769895556743,1.040726052477764,0.40311149077926
suffix_1_to_2__spectral_only__probability_ensemble,suffix_1_to_2,spectral_only,probability_ensemble,mask_only,2-2,temperature_scaled,80,0,0.0,2.4337316449354165,1.0446599592340278,0.41335228671516033
suffix_1_to_2__spectral_only__probability_ensemble,suffix_1_to_2,spectral_only,probability_ensemble,mask_only,3-2,raw,80,0,0.0,2.457992520321938,1.0422075182673998,0.40311149077926
suffix_1_to_2__spectral_only__probability_ensemble,suffix_1_to_2,spectral_only,probability_ensemble,mask_only,3-2,temperature_scaled,80,0,0.0,2.427429736044302,1.0435510013502243,0.41335228671516033
suffix_1_to_2__spectral_only__probability_ensemble,suffix_1_to_2,spectral_only,probability_ensemble,mask_only,4-2,raw,80,0,0.0,2.4779986625203634,1.0455987988475377,0.40311149077926
suffix_1_to_2__spectral_only__probability_ensemble,suffix_1_to_2,spectral_only,probability_ensemble,mask_only,4-2,temperature_scaled,80,0,0.0,2.4872124461682863,1.0537949944149239,0.41335228671516033
suffix_1_to_2__spectral_only__probability_ensemble,suffix_1_to_2,spectral_only,probability_ensemble,mask_only,5-2,raw,80,0,0.0,2.437880044672721,1.0387291334460491,0.40311149077926
suffix_1_to_2__spectral_only__probability_ensemble,suffix_1_to_2,spectral_only,probability_ensemble,mask_only,5-2,temperature_scaled,80,0,0.0,2.4962695304905154,1.0552942322360148,0.41335228671516033
suffix_1_to_2__spectral_only__probability_ensemble,suffix_1_to_2,spectral_only,probability_ensemble,mask_only,6-2,raw,80,0,0.0,2.4765760955670033,1.0453598909484683,0.40311149077926
suffix_1_to_2__spectral_only__probability_ensemble,suffix_1_to_2,spectral_only,probability_ensemble,mask_only,6-2,temperature_scaled,80,0,0.0,2.510297858271636,1.0575897315460272,0.41335228671516033
suffix_1_to_2__spectral_only__probability_ensemble,suffix_1_to_2,spectral_only,probability_ensemble,mask_only,7-2,raw,54,54,1.0,0.9085421032388608,0.40719780103044334,0.5968885092207401
suffix_1_to_2__spectral_only__probability_ensemble,suffix_1_to_2,spectral_only,probability_ensemble,mask_only,7-2,temperature_scaled,54,54,1.0,0.8834550551464372,0.39337323097229704,0.5866477132848398
suffix_1_to_2__spectral_only__probability_ensemble,suffix_1_to_2,spectral_only,probability_ensemble,mean_broadcast,0-2,raw,80,75,0.9375,1.266669109052232,0.5950135457982976,0.6488987957082624
suffix_1_to_2__spectral_only__probability_ensemble,suffix_1_to_2,spectral_only,probability_ensemble,mean_broadcast,0-2,temperature_scaled,80,75,0.9375,1.1752155907102453,0.5462344704383335,0.6158030255609932
suffix_1_to_2__spectral_only__probability_ensemble,suffix_1_to_2,spectral_only,probability_ensemble,mean_broadcast,1-2,raw,80,39,0.4875,1.8635232840489375,0.82127629917381,0.3445529271751988
suffix_1_to_2__spectral_only__probability_ensemble,suffix_1_to_2,spectral_only,probability_ensemble,mean_broadcast,1-2,temperature_scaled,80,38,0.475,1.8187624029367826,0.8089652490158731,0.3478081883548919
suffix_1_to_2__spectral_only__probability_ensemble,suffix_1_to_2,spectral_only,probability_ensemble,mean_broadcast,2-2,raw,80,22,0.275,1.903102406546242,0.8341578503541778,0.2165646773850423
suffix_1_to_2__spectral_only__probability_ensemble,suffix_1_to_2,spectral_only,probability_ensemble,mean_broadcast,2-2,temperature_scaled,80,22,0.275,1.8802367852823294,0.8338687189405143,0.29439969451922565
suffix_1_to_2__spectral_only__probability_ensemble,suffix_1_to_2,spectral_only,probability_ensemble,mean_broadcast,3-2,raw,80,55,0.6875,1.4463807694405026,0.6805916321133191,0.46125522035823197
suffix_1_to_2__spectral_only__probability_ensemble,suffix_1_to_2,spectral_only,probability_ensemble,mean_broadcast,3-2,temperature_scaled,80,55,0.6875,1.351193525591,0.6359649175309325,0.38499446649851954
suffix_1_to_2__spectral_only__probability_ensemble,suffix_1_to_2,spectral_only,probability_ensemble,mean_broadcast,4-2,raw,80,61,0.7625,1.5989852056536136,0.7288561525083621,0.5499149519965042
suffix_1_to_2__spectral_only__probability_ensemble,suffix_1_to_2,spectral_only,probability_ensemble,mean_broadcast,4-2,temperature_scaled,80,60,0.75,1.4130514607237044,0.6512148528966589,0.4853354551310083
suffix_1_to_2__spectral_only__probability_ensemble,suffix_1_to_2,spectral_only,probability_ensemble,mean_broadcast,5-2,raw,80,32,0.4,1.88873591535816,0.8288384150310211,0.2512857149688174
suffix_1_to_2__spectral_only__probability_ensemble,suffix_1_to_2,spectral_only,probability_ensemble,mean_broadcast,5-2,temperature_scaled,80,34,0.425,1.8443933361447076,0.8176993902564318,0.2803330040308471
suffix_1_to_2__spectral_only__probability_ensemble,suffix_1_to_2,spectral_only,probability_ensemble,mean_broadcast,6-2,raw,80,0,0.0,1.940677174723841,0.8437744793029168,0.16263919410522432
suffix_1_to_2__spectral_only__probability_ensemble,suffix_1_to_2,spectral_only,probability_ensemble,mean_broadcast,6-2,temperature_scaled,80,0,0.0,1.9301688557514478,0.8440241108627795,0.18122434902333523
suffix_1_to_2__spectral_only__probability_ensemble,suffix_1_to_2,spectral_only,probability_ensemble,mean_broadcast,7-2,raw,54,35,0.6481481481481481,1.6651852955804176,0.7381440300902611,0.4288443194902836
suffix_1_to_2__spectral_only__probability_ensemble,suffix_1_to_2,spectral_only,probability_ensemble,mean_broadcast,7-2,temperature_scaled,54,37,0.6851851851851852,1.5300012522656912,0.6746532895135615,0.41594962009860026
suffix_1_to_2__spectral_only__probability_ensemble,suffix_1_to_2,spectral_only,probability_ensemble,spatial_shuffle,0-2,raw,80,75,0.9375,1.266669109052232,0.5950135457982976,0.6488987957082624
suffix_1_to_2__spectral_only__probability_ensemble,suffix_1_to_2,spectral_only,probability_ensemble,spatial_shuffle,0-2,temperature_scaled,80,75,0.9375,1.1752155907102453,0.5462344704383335,0.6158030255609932
suffix_1_to_2__spectral_only__probability_ensemble,suffix_1_to_2,spectral_only,probability_ensemble,spatial_shuffle,1-2,raw,80,39,0.4875,1.8635232840489375,0.82127629917381,0.3445529271751988
suffix_1_to_2__spectral_only__probability_ensemble,suffix_1_to_2,spectral_only,probability_ensemble,spatial_shuffle,1-2,temperature_scaled,80,38,0.475,1.8187624029367826,0.8089652490158731,0.3478081883548919
suffix_1_to_2__spectral_only__probability_ensemble,suffix_1_to_2,spectral_only,probability_ensemble,spatial_shuffle,2-2,raw,80,22,0.275,1.903102406546242,0.8341578503541778,0.2165646773850423
suffix_1_to_2__spectral_only__probability_ensemble,suffix_1_to_2,spectral_only,probability_ensemble,spatial_shuffle,2-2,temperature_scaled,80,22,0.275,1.8802367852823294,0.8338687189405143,0.29439969451922565
suffix_1_to_2__spectral_only__probability_ensemble,suffix_1_to_2,spectral_only,probability_ensemble,spatial_shuffle,3-2,raw,80,55,0.6875,1.4463807694405026,0.6805916321133191,0.46125522035823197
suffix_1_to_2__spectral_only__probability_ensemble,suffix_1_to_2,spectral_only,probability_ensemble,spatial_shuffle,3-2,temperature_scaled,80,55,0.6875,1.351193525591,0.6359649175309325,0.38499446649851954
suffix_1_to_2__spectral_only__probability_ensemble,suffix_1_to_2,spectral_only,probability_ensemble,spatial_shuffle,4-2,raw,80,61,0.7625,1.5989852056536136,0.7288561525083621,0.5499149519965042
suffix_1_to_2__spectral_only__probability_ensemble,suffix_1_to_2,spectral_only,probability_ensemble,spatial_shuffle,4-2,temperature_scaled,80,60,0.75,1.4130514607237044,0.6512148528966589,0.4853354551310083
suffix_1_to_2__spectral_only__probability_ensemble,suffix_1_to_2,spectral_only,probability_ensemble,spatial_shuffle,5-2,raw,80,32,0.4,1.88873591535816,0.8288384150310211,0.2512857149688174
suffix_1_to_2__spectral_only__probability_ensemble,suffix_1_to_2,spectral_only,probability_ensemble,spatial_shuffle,5-2,temperature_scaled,80,34,0.425,1.8443933361447076,0.8176993902564318,0.2803330040308471
suffix_1_to_2__spectral_only__probability_ensemble,suffix_1_to_2,spectral_only,probability_ensemble,spatial_shuffle,6-2,raw,80,0,0.0,1.940677174723841,0.8437744793029168,0.16263919410522432
suffix_1_to_2__spectral_only__probability_ensemble,suffix_1_to_2,spectral_only,probability_ensemble,spatial_shuffle,6-2,temperature_scaled,80,0,0.0,1.9301688557514478,0.8440241108627795,0.18122434902333523
suffix_1_to_2__spectral_only__probability_ensemble,suffix_1_to_2,spectral_only,probability_ensemble,spatial_shuffle,7-2,raw,54,35,0.6481481481481481,1.6651852955804176,0.7381440300902611,0.4288443194902836
suffix_1_to_2__spectral_only__probability_ensemble,suffix_1_to_2,spectral_only,probability_ensemble,spatial_shuffle,7-2,temperature_scaled,54,37,0.6851851851851852,1.5300012522656912,0.6746532895135615,0.41594962009860026
suffix_2_to_1__fusion_net__probability_ensemble,suffix_2_to_1,fusion_net,probability_ensemble,full,0-1,raw,80,68,0.85,0.5028878455460705,0.2628764527110293,0.17333749129652268
suffix_2_to_1__fusion_net__probability_ensemble,suffix_2_to_1,fusion_net,probability_ensemble,full,0-1,temperature_scaled,80,68,0.85,0.558382910714512,0.2861398044836375,0.21481765600142613
suffix_2_to_1__fusion_net__probability_ensemble,suffix_2_to_1,fusion_net,probability_ensemble,full,1-1,raw,80,42,0.525,1.5612128433527688,0.7232479521876362,0.19350848167075974
suffix_2_to_1__fusion_net__probability_ensemble,suffix_2_to_1,fusion_net,probability_ensemble,full,1-1,temperature_scaled,80,40,0.5,1.597001113156189,0.7429250058517279,0.20664055308928503
suffix_2_to_1__fusion_net__probability_ensemble,suffix_2_to_1,fusion_net,probability_ensemble,full,2-1,raw,80,25,0.3125,1.7513689640219856,0.8216593580185304,0.17460830907303185
suffix_2_to_1__fusion_net__probability_ensemble,suffix_2_to_1,fusion_net,probability_ensemble,full,2-1,temperature_scaled,80,25,0.3125,1.7288003739488615,0.8102145461005928,0.10380303419450473
suffix_2_to_1__fusion_net__probability_ensemble,suffix_2_to_1,fusion_net,probability_ensemble,full,3-1,raw,80,41,0.5125,1.0055796902403658,0.5706806299945756,0.19818340678124952
suffix_2_to_1__fusion_net__probability_ensemble,suffix_2_to_1,fusion_net,probability_ensemble,full,3-1,temperature_scaled,80,42,0.525,0.9839617758828249,0.5436087271156413,0.16885687931197196
suffix_2_to_1__fusion_net__probability_ensemble,suffix_2_to_1,fusion_net,probability_ensemble,full,4-1,raw,90,38,0.4222222222222222,1.4417367457032557,0.7284272146844492,0.15000989564014955
suffix_2_to_1__fusion_net__probability_ensemble,suffix_2_to_1,fusion_net,probability_ensemble,full,4-1,temperature_scaled,90,42,0.4666666666666667,1.4340074200134258,0.7166764766690736,0.19799015800046688
suffix_2_to_1__fusion_net__probability_ensemble,suffix_2_to_1,fusion_net,probability_ensemble,full,5-1,raw,80,8,0.1,1.6842167964708463,0.853000180648731,0.24578593703141463
suffix_2_to_1__fusion_net__probability_ensemble,suffix_2_to_1,fusion_net,probability_ensemble,full,5-1,temperature_scaled,80,12,0.15,1.6684703930084173,0.8339375417989363,0.18519608645337046
suffix_2_to_1__fusion_net__probability_ensemble,suffix_2_to_1,fusion_net,probability_ensemble,full,6-1,raw,80,30,0.375,1.7698181983731451,0.7868924237180079,0.16121643169037173
suffix_2_to_1__fusion_net__probability_ensemble,suffix_2_to_1,fusion_net,probability_ensemble,full,6-1,temperature_scaled,80,31,0.3875,1.7482849801286442,0.78648258000263,0.15774599252425434
suffix_2_to_1__fusion_net__probability_ensemble,suffix_2_to_1,fusion_net,probability_ensemble,full,7-1,raw,80,52,0.65,1.412666465763498,0.5524239454248664,0.1513041198785451
suffix_2_to_1__fusion_net__probability_ensemble,suffix_2_to_1,fusion_net,probability_ensemble,full,7-1,temperature_scaled,80,52,0.65,1.418994262894337,0.5689205649917645,0.17919632801478205
suffix_2_to_1__fusion_net__probability_ensemble,suffix_2_to_1,fusion_net,probability_ensemble,mask_only,0-1,raw,80,0,0.0,5.340480098824111,1.2853536498972495,0.43449462117064197
suffix_2_to_1__fusion_net__probability_ensemble,suffix_2_to_1,fusion_net,probability_ensemble,mask_only,0-1,temperature_scaled,80,0,0.0,4.815484267145289,1.2546457882998339,0.40759408020662813
suffix_2_to_1__fusion_net__probability_ensemble,suffix_2_to_1,fusion_net,probability_ensemble,mask_only,1-1,raw,80,3,0.0375,2.8678648023542075,1.137448675758756,0.3673133365385386
suffix_2_to_1__fusion_net__probability_ensemble,suffix_2_to_1,fusion_net,probability_ensemble,mask_only,1-1,temperature_scaled,80,3,0.0375,2.762780692382438,1.1114891423712097,0.3437872848953777
suffix_2_to_1__fusion_net__probability_ensemble,suffix_2_to_1,fusion_net,probability_ensemble,mask_only,2-1,raw,80,1,0.0125,2.5305001365397173,1.0651997438361345,0.39065844740544875
suffix_2_to_1__fusion_net__probability_ensemble,suffix_2_to_1,fusion_net,probability_ensemble,mask_only,2-1,temperature_scaled,80,0,0.0,2.4182338622628725,1.0406189436584294,0.3866319699415986
suffix_2_to_1__fusion_net__probability_ensemble,suffix_2_to_1,fusion_net,probability_ensemble,mask_only,3-1,raw,80,0,0.0,5.4558004988665285,1.2698660253838174,0.403397395499365
suffix_2_to_1__fusion_net__probability_ensemble,suffix_2_to_1,fusion_net,probability_ensemble,mask_only,3-1,temperature_scaled,80,0,0.0,4.963442800756837,1.2483434377764315,0.38832446381613467
suffix_2_to_1__fusion_net__probability_ensemble,suffix_2_to_1,fusion_net,probability_ensemble,mask_only,4-1,raw,90,54,0.6,1.171642948517835,0.6295912882213047,0.34981955605922305
suffix_2_to_1__fusion_net__probability_ensemble,suffix_2_to_1,fusion_net,probability_ensemble,mask_only,4-1,temperature_scaled,90,54,0.6,1.1757623008864118,0.6195346925210152,0.2600233897740095
suffix_2_to_1__fusion_net__probability_ensemble,suffix_2_to_1,fusion_net,probability_ensemble,mask_only,5-1,raw,80,0,0.0,1.8507716235070446,0.9714796071260101,0.4274545494326066
suffix_2_to_1__fusion_net__probability_ensemble,suffix_2_to_1,fusion_net,probability_ensemble,mask_only,5-1,temperature_scaled,80,0,0.0,1.828083220288471,0.9453326409127172,0.4045058232951783
suffix_2_to_1__fusion_net__probability_ensemble,suffix_2_to_1,fusion_net,probability_ensemble,mask_only,6-1,raw,80,49,0.6125,1.2392532681658026,0.6040264589868114,0.21016889166100924
suffix_2_to_1__fusion_net__probability_ensemble,suffix_2_to_1,fusion_net,probability_ensemble,mask_only,6-1,temperature_scaled,80,47,0.5875,1.268488375626984,0.6222961756731363,0.19929247387277568
suffix_2_to_1__fusion_net__probability_ensemble,suffix_2_to_1,fusion_net,probability_ensemble,mask_only,7-1,raw,80,30,0.375,1.762433331831773,0.7713062807896984,0.18136775114831008
suffix_2_to_1__fusion_net__probability_ensemble,suffix_2_to_1,fusion_net,probability_ensemble,mask_only,7-1,temperature_scaled,80,27,0.3375,1.7472698970842404,0.7792579666644319,0.17919196850073152
suffix_2_to_1__fusion_net__probability_ensemble,suffix_2_to_1,fusion_net,probability_ensemble,mean_broadcast,0-1,raw,80,0,0.0,4.7167531917081345,1.2736699413301298,0.43318483337025754
suffix_2_to_1__fusion_net__probability_ensemble,suffix_2_to_1,fusion_net,probability_ensemble,mean_broadcast,0-1,temperature_scaled,80,0,0.0,4.363289802687674,1.2433600721397697,0.40690663986549247
suffix_2_to_1__fusion_net__probability_ensemble,suffix_2_to_1,fusion_net,probability_ensemble,mean_broadcast,1-1,raw,80,3,0.0375,2.8357410528211,1.1261567297525077,0.3663185138715747
suffix_2_to_1__fusion_net__probability_ensemble,suffix_2_to_1,fusion_net,probability_ensemble,mean_broadcast,1-1,temperature_scaled,80,2,0.025,2.7228554930179008,1.0974497262763623,0.35395296124631553
suffix_2_to_1__fusion_net__probability_ensemble,suffix_2_to_1,fusion_net,probability_ensemble,mean_broadcast,2-1,raw,80,7,0.0875,2.4747129817579188,1.0269552450840966,0.2772506679794191
suffix_2_to_1__fusion_net__probability_ensemble,suffix_2_to_1,fusion_net,probability_ensemble,mean_broadcast,2-1,temperature_scaled,80,8,0.1,2.3573809489119797,0.9986888883498632,0.2451634731765299
suffix_2_to_1__fusion_net__probability_ensemble,suffix_2_to_1,fusion_net,probability_ensemble,mean_broadcast,3-1,raw,80,0,0.0,5.17943507292583,1.2657745655055015,0.40833955499056673
suffix_2_to_1__fusion_net__probability_ensemble,suffix_2_to_1,fusion_net,probability_ensemble,mean_broadcast,3-1,temperature_scaled,80,0,0.0,4.699740075827842,1.2421605083292964,0.39219157372086105
suffix_2_to_1__fusion_net__probability_ensemble,suffix_2_to_1,fusion_net,probability_ensemble,mean_broadcast,4-1,raw,90,41,0.45555555555555555,1.2663817990928476,0.6817057678137303,0.20878052851520718
suffix_2_to_1__fusion_net__probability_ensemble,suffix_2_to_1,fusion_net,probability_ensemble,mean_broadcast,4-1,temperature_scaled,90,41,0.45555555555555555,1.2894571411350932,0.6801258214356187,0.17480176335692818
suffix_2_to_1__fusion_net__probability_ensemble,suffix_2_to_1,fusion_net,probability_ensemble,mean_broadcast,5-1,raw,80,6,0.075,1.7570444575154223,0.9233032700502519,0.3971423637216191
suffix_2_to_1__fusion_net__probability_ensemble,suffix_2_to_1,fusion_net,probability_ensemble,mean_broadcast,5-1,temperature_scaled,80,5,0.0625,1.7247269679246073,0.8924543982515664,0.3457057967404027
suffix_2_to_1__fusion_net__probability_ensemble,suffix_2_to_1,fusion_net,probability_ensemble,mean_broadcast,6-1,raw,80,55,0.6875,1.189383705298473,0.5716202331696791,0.29648903622973305
suffix_2_to_1__fusion_net__probability_ensemble,suffix_2_to_1,fusion_net,probability_ensemble,mean_broadcast,6-1,temperature_scaled,80,55,0.6875,1.2148270691469036,0.5868132582120948,0.32034926446809836
suffix_2_to_1__fusion_net__probability_ensemble,suffix_2_to_1,fusion_net,probability_ensemble,mean_broadcast,7-1,raw,80,37,0.4625,1.3024903665563157,0.6161067989219882,0.21337735199171012
suffix_2_to_1__fusion_net__probability_ensemble,suffix_2_to_1,fusion_net,probability_ensemble,mean_broadcast,7-1,temperature_scaled,80,37,0.4625,1.2958910787690854,0.6110577392310972,0.25061890284103355
suffix_2_to_1__fusion_net__probability_ensemble,suffix_2_to_1,fusion_net,probability_ensemble,spatial_shuffle,0-1,raw,80,0,0.0,4.471905829612233,1.2447827848432262,0.4061407176324555
suffix_2_to_1__fusion_net__probability_ensemble,suffix_2_to_1,fusion_net,probability_ensemble,spatial_shuffle,0-1,temperature_scaled,80,0,0.0,4.165599013197905,1.218158544632692,0.384548674910336
suffix_2_to_1__fusion_net__probability_ensemble,suffix_2_to_1,fusion_net,probability_ensemble,spatial_shuffle,1-1,raw,80,3,0.0375,2.7944435799173357,1.1179697046634878,0.3583410940267608
suffix_2_to_1__fusion_net__probability_ensemble,suffix_2_to_1,fusion_net,probability_ensemble,spatial_shuffle,1-1,temperature_scaled,80,2,0.025,2.6849966863505617,1.089421461544648,0.34706002954667275
suffix_2_to_1__fusion_net__probability_ensemble,suffix_2_to_1,fusion_net,probability_ensemble,spatial_shuffle,2-1,raw,80,8,0.1,2.4263799473053376,1.0178322200061722,0.2589124356037742
suffix_2_to_1__fusion_net__probability_ensemble,suffix_2_to_1,fusion_net,probability_ensemble,spatial_shuffle,2-1,temperature_scaled,80,8,0.1,2.313019537280271,0.9891651994334533,0.24005041151039327
suffix_2_to_1__fusion_net__probability_ensemble,suffix_2_to_1,fusion_net,probability_ensemble,spatial_shuffle,3-1,raw,80,0,0.0,5.004608391309117,1.2456674901663352,0.3852142291756086
suffix_2_to_1__fusion_net__probability_ensemble,suffix_2_to_1,fusion_net,probability_ensemble,spatial_shuffle,3-1,temperature_scaled,80,0,0.0,4.567541050028122,1.2238847722694945,0.372624778704024
suffix_2_to_1__fusion_net__probability_ensemble,suffix_2_to_1,fusion_net,probability_ensemble,spatial_shuffle,4-1,raw,90,46,0.5111111111111111,1.2635071001434888,0.6748419549094216,0.2788196471432899
suffix_2_to_1__fusion_net__probability_ensemble,suffix_2_to_1,fusion_net,probability_ensemble,spatial_shuffle,4-1,temperature_scaled,90,45,0.5,1.285944491125878,0.6738421541314376,0.25884994091397373
suffix_2_to_1__fusion_net__probability_ensemble,suffix_2_to_1,fusion_net,probability_ensemble,spatial_shuffle,5-1,raw,80,5,0.0625,1.740618583310487,0.9144376957728465,0.35609766934071924
suffix_2_to_1__fusion_net__probability_ensemble,suffix_2_to_1,fusion_net,probability_ensemble,spatial_shuffle,5-1,temperature_scaled,80,5,0.0625,1.7098339799555884,0.8843663904751793,0.3257239006768973
suffix_2_to_1__fusion_net__probability_ensemble,suffix_2_to_1,fusion_net,probability_ensemble,spatial_shuffle,6-1,raw,80,53,0.6625,1.2494464755034753,0.6002582793013069,0.2906356684500715
suffix_2_to_1__fusion_net__probability_ensemble,suffix_2_to_1,fusion_net,probability_ensemble,spatial_shuffle,6-1,temperature_scaled,80,53,0.6625,1.2697204665322444,0.6121650967702976,0.3123062537190471
suffix_2_to_1__fusion_net__probability_ensemble,suffix_2_to_1,fusion_net,probability_ensemble,spatial_shuffle,7-1,raw,80,36,0.45,1.3638289635011305,0.6399192499131386,0.19990345555696862
suffix_2_to_1__fusion_net__probability_ensemble,suffix_2_to_1,fusion_net,probability_ensemble,spatial_shuffle,7-1,temperature_scaled,80,36,0.45,1.3573202943206524,0.6364452690326162,0.21120476554007866
suffix_2_to_1__snv_lr__probability_ensemble,suffix_2_to_1,snv_lr,probability_ensemble,full,0-1,raw,80,80,1.0,0.006465421252712366,0.0006831038481978815,0.006282251190389014
suffix_2_to_1__snv_lr__probability_ensemble,suffix_2_to_1,snv_lr,probability_ensemble,full,0-1,temperature_scaled,80,80,1.0,0.023071592704808346,0.002655922281108108,0.02232885283219674
suffix_2_to_1__snv_lr__probability_ensemble,suffix_2_to_1,snv_lr,probability_ensemble,full,1-1,raw,80,78,0.975,0.13835274072342835,0.04766589991615329,0.02242214510326103
suffix_2_to_1__snv_lr__probability_ensemble,suffix_2_to_1,snv_lr,probability_ensemble,full,1-1,temperature_scaled,80,77,0.9625,0.1446534154490743,0.052739719616125835,0.04634036762644393
suffix_2_to_1__snv_lr__probability_ensemble,suffix_2_to_1,snv_lr,probability_ensemble,full,2-1,raw,80,54,0.675,1.0031125950226092,0.47320561961051155,0.1607509262390774
suffix_2_to_1__snv_lr__probability_ensemble,suffix_2_to_1,snv_lr,probability_ensemble,full,2-1,temperature_scaled,80,54,0.675,0.8869036038078718,0.45082576979393363,0.10317806074990027
suffix_2_to_1__snv_lr__probability_ensemble,suffix_2_to_1,snv_lr,probability_ensemble,full,3-1,raw,80,77,0.9625,0.17834266453731906,0.06845838317890292,0.023720279915697695
suffix_2_to_1__snv_lr__probability_ensemble,suffix_2_to_1,snv_lr,probability_ensemble,full,3-1,temperature_scaled,80,77,0.9625,0.1923970490117373,0.07573365448180594,0.041125267444095864
suffix_2_to_1__snv_lr__probability_ensemble,suffix_2_to_1,snv_lr,probability_ensemble,full,4-1,raw,90,86,0.9555555555555556,0.14493762609310246,0.07447227682678237,0.04950489426861117
suffix_2_to_1__snv_lr__probability_ensemble,suffix_2_to_1,snv_lr,probability_ensemble,full,4-1,temperature_scaled,90,87,0.9666666666666667,0.19062929892477698,0.08504666120447436,0.09935065241108015
suffix_2_to_1__snv_lr__probability_ensemble,suffix_2_to_1,snv_lr,probability_ensemble,full,5-1,raw,80,59,0.7375,0.7922714912473678,0.3769798866216338,0.13304205530310986
suffix_2_to_1__snv_lr__probability_ensemble,suffix_2_to_1,snv_lr,probability_ensemble,full,5-1,temperature_scaled,80,61,0.7625,0.6828867534073917,0.3618405225821303,0.10406087311578102
suffix_2_to_1__snv_lr__probability_ensemble,suffix_2_to_1,snv_lr,probability_ensemble,full,6-1,raw,80,64,0.8,0.5596865251849031,0.3054034977094773,0.07824680273050381
suffix_2_to_1__snv_lr__probability_ensemble,suffix_2_to_1,snv_lr,probability_ensemble,full,6-1,temperature_scaled,80,64,0.8,0.5575448621967338,0.3082426377445098,0.05370445075736156
suffix_2_to_1__snv_lr__probability_ensemble,suffix_2_to_1,snv_lr,probability_ensemble,full,7-1,raw,80,80,1.0,0.018814389629634425,0.0049180750258628015,0.01731434544885085
suffix_2_to_1__snv_lr__probability_ensemble,suffix_2_to_1,snv_lr,probability_ensemble,full,7-1,temperature_scaled,80,80,1.0,0.045200068791878226,0.00960275895307542,0.04204902456621794
suffix_2_to_1__snv_lr__probability_ensemble,suffix_2_to_1,snv_lr,probability_ensemble,mask_only,0-1,raw,80,0,0.0,27.631021115928547,2.0,1.0
suffix_2_to_1__snv_lr__probability_ensemble,suffix_2_to_1,snv_lr,probability_ensemble,mask_only,0-1,temperature_scaled,80,0,0.0,27.631021115928547,2.0,1.0
suffix_2_to_1__snv_lr__probability_ensemble,suffix_2_to_1,snv_lr,probability_ensemble,mask_only,1-1,raw,80,0,0.0,27.631021115928547,2.0,1.0
suffix_2_to_1__snv_lr__probability_ensemble,suffix_2_to_1,snv_lr,probability_ensemble,mask_only,1-1,temperature_scaled,80,0,0.0,27.631021115928547,2.0,1.0
suffix_2_to_1__snv_lr__probability_ensemble,suffix_2_to_1,snv_lr,probability_ensemble,mask_only,2-1,raw,80,0,0.0,27.631021115928547,2.0,1.0
suffix_2_to_1__snv_lr__probability_ensemble,suffix_2_to_1,snv_lr,probability_ensemble,mask_only,2-1,temperature_scaled,80,0,0.0,27.631021115928547,2.0,1.0
suffix_2_to_1__snv_lr__probability_ensemble,suffix_2_to_1,snv_lr,probability_ensemble,mask_only,3-1,raw,80,0,0.0,27.631021115928547,2.0,1.0
suffix_2_to_1__snv_lr__probability_ensemble,suffix_2_to_1,snv_lr,probability_ensemble,mask_only,3-1,temperature_scaled,80,0,0.0,27.631021115928547,2.0,1.0
suffix_2_to_1__snv_lr__probability_ensemble,suffix_2_to_1,snv_lr,probability_ensemble,mask_only,4-1,raw,90,90,1.0,-0.0,4.92835260521428e-174,0.0
suffix_2_to_1__snv_lr__probability_ensemble,suffix_2_to_1,snv_lr,probability_ensemble,mask_only,4-1,temperature_scaled,90,90,1.0,-0.0,1.2878313274614992e-93,0.0
suffix_2_to_1__snv_lr__probability_ensemble,suffix_2_to_1,snv_lr,probability_ensemble,mask_only,5-1,raw,80,0,0.0,27.631021115928547,2.0,1.0
suffix_2_to_1__snv_lr__probability_ensemble,suffix_2_to_1,snv_lr,probability_ensemble,mask_only,5-1,temperature_scaled,80,0,0.0,27.631021115928547,2.0,1.0
suffix_2_to_1__snv_lr__probability_ensemble,suffix_2_to_1,snv_lr,probability_ensemble,mask_only,6-1,raw,80,0,0.0,27.631021115928547,2.0,1.0
suffix_2_to_1__snv_lr__probability_ensemble,suffix_2_to_1,snv_lr,probability_ensemble,mask_only,6-1,temperature_scaled,80,0,0.0,27.631021115928547,2.0,1.0
suffix_2_to_1__snv_lr__probability_ensemble,suffix_2_to_1,snv_lr,probability_ensemble,mask_only,7-1,raw,80,0,0.0,27.631021115928547,2.0,1.0
suffix_2_to_1__snv_lr__probability_ensemble,suffix_2_to_1,snv_lr,probability_ensemble,mask_only,7-1,temperature_scaled,80,0,0.0,27.631021115928547,2.0,1.0
suffix_2_to_1__snv_lr__probability_ensemble,suffix_2_to_1,snv_lr,probability_ensemble,mean_broadcast,0-1,raw,80,80,1.0,0.006465421252712366,0.0006831038481978815,0.006282251190389014
suffix_2_to_1__snv_lr__probability_ensemble,suffix_2_to_1,snv_lr,probability_ensemble,mean_broadcast,0-1,temperature_scaled,80,80,1.0,0.023071592704808346,0.002655922281108108,0.02232885283219674
suffix_2_to_1__snv_lr__probability_ensemble,suffix_2_to_1,snv_lr,probability_ensemble,mean_broadcast,1-1,raw,80,78,0.975,0.13835274072342835,0.04766589991615329,0.02242214510326103
suffix_2_to_1__snv_lr__probability_ensemble,suffix_2_to_1,snv_lr,probability_ensemble,mean_broadcast,1-1,temperature_scaled,80,77,0.9625,0.1446534154490743,0.052739719616125835,0.04634036762644393
suffix_2_to_1__snv_lr__probability_ensemble,suffix_2_to_1,snv_lr,probability_ensemble,mean_broadcast,2-1,raw,80,54,0.675,1.0031125950226092,0.47320561961051155,0.1607509262390774
suffix_2_to_1__snv_lr__probability_ensemble,suffix_2_to_1,snv_lr,probability_ensemble,mean_broadcast,2-1,temperature_scaled,80,54,0.675,0.8869036038078718,0.45082576979393363,0.10317806074990027
suffix_2_to_1__snv_lr__probability_ensemble,suffix_2_to_1,snv_lr,probability_ensemble,mean_broadcast,3-1,raw,80,77,0.9625,0.17834266453731906,0.06845838317890292,0.023720279915697695
suffix_2_to_1__snv_lr__probability_ensemble,suffix_2_to_1,snv_lr,probability_ensemble,mean_broadcast,3-1,temperature_scaled,80,77,0.9625,0.1923970490117373,0.07573365448180594,0.041125267444095864
suffix_2_to_1__snv_lr__probability_ensemble,suffix_2_to_1,snv_lr,probability_ensemble,mean_broadcast,4-1,raw,90,86,0.9555555555555556,0.14493762609310246,0.07447227682678237,0.04950489426861117
suffix_2_to_1__snv_lr__probability_ensemble,suffix_2_to_1,snv_lr,probability_ensemble,mean_broadcast,4-1,temperature_scaled,90,87,0.9666666666666667,0.19062929892477698,0.08504666120447436,0.09935065241108015
suffix_2_to_1__snv_lr__probability_ensemble,suffix_2_to_1,snv_lr,probability_ensemble,mean_broadcast,5-1,raw,80,59,0.7375,0.7922714912473678,0.3769798866216338,0.13304205530310986
suffix_2_to_1__snv_lr__probability_ensemble,suffix_2_to_1,snv_lr,probability_ensemble,mean_broadcast,5-1,temperature_scaled,80,61,0.7625,0.6828867534073917,0.3618405225821303,0.10406087311578102
suffix_2_to_1__snv_lr__probability_ensemble,suffix_2_to_1,snv_lr,probability_ensemble,mean_broadcast,6-1,raw,80,64,0.8,0.5596865251849031,0.3054034977094773,0.07824680273050381
suffix_2_to_1__snv_lr__probability_ensemble,suffix_2_to_1,snv_lr,probability_ensemble,mean_broadcast,6-1,temperature_scaled,80,64,0.8,0.5575448621967338,0.3082426377445098,0.05370445075736156
suffix_2_to_1__snv_lr__probability_ensemble,suffix_2_to_1,snv_lr,probability_ensemble,mean_broadcast,7-1,raw,80,80,1.0,0.018814389629634425,0.0049180750258628015,0.01731434544885085
suffix_2_to_1__snv_lr__probability_ensemble,suffix_2_to_1,snv_lr,probability_ensemble,mean_broadcast,7-1,temperature_scaled,80,80,1.0,0.045200068791878226,0.00960275895307542,0.04204902456621794
suffix_2_to_1__snv_lr__probability_ensemble,suffix_2_to_1,snv_lr,probability_ensemble,spatial_shuffle,0-1,raw,80,80,1.0,0.006465421252712366,0.0006831038481978815,0.006282251190389014
suffix_2_to_1__snv_lr__probability_ensemble,suffix_2_to_1,snv_lr,probability_ensemble,spatial_shuffle,0-1,temperature_scaled,80,80,1.0,0.023071592704808346,0.002655922281108108,0.02232885283219674
suffix_2_to_1__snv_lr__probability_ensemble,suffix_2_to_1,snv_lr,probability_ensemble,spatial_shuffle,1-1,raw,80,78,0.975,0.13835274072342835,0.04766589991615329,0.02242214510326103
suffix_2_to_1__snv_lr__probability_ensemble,suffix_2_to_1,snv_lr,probability_ensemble,spatial_shuffle,1-1,temperature_scaled,80,77,0.9625,0.1446534154490743,0.052739719616125835,0.04634036762644393
suffix_2_to_1__snv_lr__probability_ensemble,suffix_2_to_1,snv_lr,probability_ensemble,spatial_shuffle,2-1,raw,80,54,0.675,1.0031125950226092,0.47320561961051155,0.1607509262390774
suffix_2_to_1__snv_lr__probability_ensemble,suffix_2_to_1,snv_lr,probability_ensemble,spatial_shuffle,2-1,temperature_scaled,80,54,0.675,0.8869036038078718,0.45082576979393363,0.10317806074990027
suffix_2_to_1__snv_lr__probability_ensemble,suffix_2_to_1,snv_lr,probability_ensemble,spatial_shuffle,3-1,raw,80,77,0.9625,0.17834266453731906,0.06845838317890292,0.023720279915697695
suffix_2_to_1__snv_lr__probability_ensemble,suffix_2_to_1,snv_lr,probability_ensemble,spatial_shuffle,3-1,temperature_scaled,80,77,0.9625,0.1923970490117373,0.07573365448180594,0.041125267444095864
suffix_2_to_1__snv_lr__probability_ensemble,suffix_2_to_1,snv_lr,probability_ensemble,spatial_shuffle,4-1,raw,90,86,0.9555555555555556,0.14493762609310246,0.07447227682678237,0.04950489426861117
suffix_2_to_1__snv_lr__probability_ensemble,suffix_2_to_1,snv_lr,probability_ensemble,spatial_shuffle,4-1,temperature_scaled,90,87,0.9666666666666667,0.19062929892477698,0.08504666120447436,0.09935065241108015
suffix_2_to_1__snv_lr__probability_ensemble,suffix_2_to_1,snv_lr,probability_ensemble,spatial_shuffle,5-1,raw,80,59,0.7375,0.7922714912473678,0.3769798866216338,0.13304205530310986
suffix_2_to_1__snv_lr__probability_ensemble,suffix_2_to_1,snv_lr,probability_ensemble,spatial_shuffle,5-1,temperature_scaled,80,61,0.7625,0.6828867534073917,0.3618405225821303,0.10406087311578102
suffix_2_to_1__snv_lr__probability_ensemble,suffix_2_to_1,snv_lr,probability_ensemble,spatial_shuffle,6-1,raw,80,64,0.8,0.5596865251849031,0.3054034977094773,0.07824680273050381
suffix_2_to_1__snv_lr__probability_ensemble,suffix_2_to_1,snv_lr,probability_ensemble,spatial_shuffle,6-1,temperature_scaled,80,64,0.8,0.5575448621967338,0.3082426377445098,0.05370445075736156
suffix_2_to_1__snv_lr__probability_ensemble,suffix_2_to_1,snv_lr,probability_ensemble,spatial_shuffle,7-1,raw,80,80,1.0,0.018814389629634425,0.0049180750258628015,0.01731434544885085
suffix_2_to_1__snv_lr__probability_ensemble,suffix_2_to_1,snv_lr,probability_ensemble,spatial_shuffle,7-1,temperature_scaled,80,80,1.0,0.045200068791878226,0.00960275895307542,0.04204902456621794
suffix_2_to_1__spectral_only__probability_ensemble,suffix_2_to_1,spectral_only,probability_ensemble,full,0-1,raw,80,65,0.8125,1.4189047052982198,0.6564518148792964,0.5906722202498168
suffix_2_to_1__spectral_only__probability_ensemble,suffix_2_to_1,spectral_only,probability_ensemble,full,0-1,temperature_scaled,80,65,0.8125,1.2939812469429604,0.5964660887546211,0.5380883148345021
suffix_2_to_1__spectral_only__probability_ensemble,suffix_2_to_1,spectral_only,probability_ensemble,full,1-1,raw,80,39,0.4875,1.96140120525124,0.847421161856088,0.3469313367875781
suffix_2_to_1__spectral_only__probability_ensemble,suffix_2_to_1,spectral_only,probability_ensemble,full,1-1,temperature_scaled,80,39,0.4875,1.9270468778320193,0.8398970911397174,0.3628328920489106
suffix_2_to_1__spectral_only__probability_ensemble,suffix_2_to_1,spectral_only,probability_ensemble,full,2-1,raw,80,0,0.0,2.012930386055017,0.8620800926704841,0.16031407739934858
suffix_2_to_1__spectral_only__probability_ensemble,suffix_2_to_1,spectral_only,probability_ensemble,full,2-1,temperature_scaled,80,0,0.0,2.0308894069565584,0.8718388903036238,0.18758470051177586
suffix_2_to_1__spectral_only__probability_ensemble,suffix_2_to_1,spectral_only,probability_ensemble,full,3-1,raw,80,26,0.325,1.7626458811799275,0.7906446590691308,0.22120950983745072
suffix_2_to_1__spectral_only__probability_ensemble,suffix_2_to_1,spectral_only,probability_ensemble,full,3-1,temperature_scaled,80,27,0.3375,1.7440234005330257,0.7880956658221681,0.23363142850841767
suffix_2_to_1__spectral_only__probability_ensemble,suffix_2_to_1,spectral_only,probability_ensemble,full,4-1,raw,90,34,0.37777777777777777,1.949462619369168,0.8433888311847255,0.2496046043830278
suffix_2_to_1__spectral_only__probability_ensemble,suffix_2_to_1,spectral_only,probability_ensemble,full,4-1,temperature_scaled,90,36,0.4,1.8803794785427546,0.8244953441337929,0.334485744040717
suffix_2_to_1__spectral_only__probability_ensemble,suffix_2_to_1,spectral_only,probability_ensemble,full,5-1,raw,80,7,0.0875,1.984704210373144,0.8543588966007871,0.07157289602129291
suffix_2_to_1__spectral_only__probability_ensemble,suffix_2_to_1,spectral_only,probability_ensemble,full,5-1,temperature_scaled,80,7,0.0875,1.9844283704127164,0.858818795253822,0.0971031517066488
suffix_2_to_1__spectral_only__probability_ensemble,suffix_2_to_1,spectral_only,probability_ensemble,full,6-1,raw,80,2,0.025,1.987289805313378,0.8546995859686357,0.1307522979704584
suffix_2_to_1__spectral_only__probability_ensemble,suffix_2_to_1,spectral_only,probability_ensemble,full,6-1,temperature_scaled,80,0,0.0,1.9876868274691617,0.8575985806194376,0.17774119723516185
suffix_2_to_1__spectral_only__probability_ensemble,suffix_2_to_1,spectral_only,probability_ensemble,full,7-1,raw,80,64,0.8,1.7727360756944428,0.7853273222433805,0.6213627296663954
suffix_2_to_1__spectral_only__probability_ensemble,suffix_2_to_1,spectral_only,probability_ensemble,full,7-1,temperature_scaled,80,64,0.8,1.6044892749897364,0.7164831927490727,0.5778388614292514
suffix_2_to_1__spectral_only__probability_ensemble,suffix_2_to_1,spectral_only,probability_ensemble,mask_only,0-1,raw,80,0,0.0,2.499108738809774,0.9825803464288418,0.2553686987859943
suffix_2_to_1__spectral_only__probability_ensemble,suffix_2_to_1,spectral_only,probability_ensemble,mask_only,0-1,temperature_scaled,80,0,0.0,2.557206134283337,1.0271618684035453,0.3472032913903108
suffix_2_to_1__spectral_only__probability_ensemble,suffix_2_to_1,spectral_only,probability_ensemble,mask_only,1-1,raw,80,0,0.0,2.21541691608486,0.9286806954914635,0.2553686987859943
suffix_2_to_1__spectral_only__probability_ensemble,suffix_2_to_1,spectral_only,probability_ensemble,mask_only,1-1,temperature_scaled,80,0,0.0,2.39267085734651,0.9994333502139046,0.3472032913903108
suffix_2_to_1__spectral_only__probability_ensemble,suffix_2_to_1,spectral_only,probability_ensemble,mask_only,2-1,raw,80,0,0.0,2.0232338505411813,0.8824423871932379,0.2553686987859943
suffix_2_to_1__spectral_only__probability_ensemble,suffix_2_to_1,spectral_only,probability_ensemble,mask_only,2-1,temperature_scaled,80,0,0.0,2.212676609839878,0.9633890808155403,0.3472032913903108
suffix_2_to_1__spectral_only__probability_ensemble,suffix_2_to_1,spectral_only,probability_ensemble,mask_only,3-1,raw,80,0,0.0,2.4586405796516226,0.9757943833334546,0.2553686987859943
suffix_2_to_1__spectral_only__probability_ensemble,suffix_2_to_1,spectral_only,probability_ensemble,mask_only,3-1,temperature_scaled,80,0,0.0,2.4255071917187587,1.005337401294911,0.3472032913903108
suffix_2_to_1__spectral_only__probability_ensemble,suffix_2_to_1,spectral_only,probability_ensemble,mask_only,4-1,raw,90,0,0.0,2.3786130779895953,0.9615386732521168,0.2553686987859942
suffix_2_to_1__spectral_only__probability_ensemble,suffix_2_to_1,spectral_only,probability_ensemble,mask_only,4-1,temperature_scaled,90,0,0.0,2.471928170405239,1.013360067166657,0.34720329139031086
suffix_2_to_1__spectral_only__probability_ensemble,suffix_2_to_1,spectral_only,probability_ensemble,mask_only,5-1,raw,80,0,0.0,2.0428784312631154,0.8875867866006375,0.2553686987859943
suffix_2_to_1__spectral_only__probability_ensemble,suffix_2_to_1,spectral_only,probability_ensemble,mask_only,5-1,temperature_scaled,80,0,0.0,2.2467226095006803,0.9707134600776619,0.3472032913903108
suffix_2_to_1__spectral_only__probability_ensemble,suffix_2_to_1,spectral_only,probability_ensemble,mask_only,6-1,raw,80,0,0.0,2.1781331827066266,0.9203912160018934,0.2553686987859943
suffix_2_to_1__spectral_only__probability_ensemble,suffix_2_to_1,spectral_only,probability_ensemble,mask_only,6-1,temperature_scaled,80,0,0.0,2.344630873488576,0.9904387345882049,0.3472032913903108
suffix_2_to_1__spectral_only__probability_ensemble,suffix_2_to_1,spectral_only,probability_ensemble,mask_only,7-1,raw,80,80,1.0,1.3650469005061079,0.6361593296751052,0.7446313012140058
suffix_2_to_1__spectral_only__probability_ensemble,suffix_2_to_1,spectral_only,probability_ensemble,mask_only,7-1,temperature_scaled,80,80,1.0,1.0578448164300724,0.4877973286164935,0.6527967086096892
suffix_2_to_1__spectral_only__probability_ensemble,suffix_2_to_1,spectral_only,probability_ensemble,mean_broadcast,0-1,raw,80,65,0.8125,1.4189047052982198,0.6564518148792964,0.5906722202498168
suffix_2_to_1__spectral_only__probability_ensemble,suffix_2_to_1,spectral_only,probability_ensemble,mean_broadcast,0-1,temperature_scaled,80,65,0.8125,1.2939812469429604,0.5964660887546211,0.5380883148345021
suffix_2_to_1__spectral_only__probability_ensemble,suffix_2_to_1,spectral_only,probability_ensemble,mean_broadcast,1-1,raw,80,39,0.4875,1.96140120525124,0.847421161856088,0.3469313367875781
suffix_2_to_1__spectral_only__probability_ensemble,suffix_2_to_1,spectral_only,probability_ensemble,mean_broadcast,1-1,temperature_scaled,80,39,0.4875,1.9270468778320193,0.8398970911397174,0.3628328920489106
suffix_2_to_1__spectral_only__probability_ensemble,suffix_2_to_1,spectral_only,probability_ensemble,mean_broadcast,2-1,raw,80,0,0.0,2.012930386055017,0.8620800926704841,0.16031407739934858
suffix_2_to_1__spectral_only__probability_ensemble,suffix_2_to_1,spectral_only,probability_ensemble,mean_broadcast,2-1,temperature_scaled,80,0,0.0,2.0308894069565584,0.8718388903036238,0.18758470051177586
suffix_2_to_1__spectral_only__probability_ensemble,suffix_2_to_1,spectral_only,probability_ensemble,mean_broadcast,3-1,raw,80,26,0.325,1.7626458811799275,0.7906446590691308,0.22120950983745072
suffix_2_to_1__spectral_only__probability_ensemble,suffix_2_to_1,spectral_only,probability_ensemble,mean_broadcast,3-1,temperature_scaled,80,27,0.3375,1.7440234005330257,0.7880956658221681,0.23363142850841767
suffix_2_to_1__spectral_only__probability_ensemble,suffix_2_to_1,spectral_only,probability_ensemble,mean_broadcast,4-1,raw,90,34,0.37777777777777777,1.949462619369168,0.8433888311847255,0.2496046043830278
suffix_2_to_1__spectral_only__probability_ensemble,suffix_2_to_1,spectral_only,probability_ensemble,mean_broadcast,4-1,temperature_scaled,90,36,0.4,1.8803794785427546,0.8244953441337929,0.334485744040717
suffix_2_to_1__spectral_only__probability_ensemble,suffix_2_to_1,spectral_only,probability_ensemble,mean_broadcast,5-1,raw,80,7,0.0875,1.984704210373144,0.8543588966007871,0.07157289602129291
suffix_2_to_1__spectral_only__probability_ensemble,suffix_2_to_1,spectral_only,probability_ensemble,mean_broadcast,5-1,temperature_scaled,80,7,0.0875,1.9844283704127164,0.858818795253822,0.0971031517066488
suffix_2_to_1__spectral_only__probability_ensemble,suffix_2_to_1,spectral_only,probability_ensemble,mean_broadcast,6-1,raw,80,2,0.025,1.987289805313378,0.8546995859686357,0.1307522979704584
suffix_2_to_1__spectral_only__probability_ensemble,suffix_2_to_1,spectral_only,probability_ensemble,mean_broadcast,6-1,temperature_scaled,80,0,0.0,1.9876868274691617,0.8575985806194376,0.17774119723516185
suffix_2_to_1__spectral_only__probability_ensemble,suffix_2_to_1,spectral_only,probability_ensemble,mean_broadcast,7-1,raw,80,64,0.8,1.7727360756944428,0.7853273222433805,0.6213627296663954
suffix_2_to_1__spectral_only__probability_ensemble,suffix_2_to_1,spectral_only,probability_ensemble,mean_broadcast,7-1,temperature_scaled,80,64,0.8,1.6044892749897364,0.7164831927490727,0.5778388614292514
suffix_2_to_1__spectral_only__probability_ensemble,suffix_2_to_1,spectral_only,probability_ensemble,spatial_shuffle,0-1,raw,80,65,0.8125,1.4189047052982198,0.6564518148792964,0.5906722202498168
suffix_2_to_1__spectral_only__probability_ensemble,suffix_2_to_1,spectral_only,probability_ensemble,spatial_shuffle,0-1,temperature_scaled,80,65,0.8125,1.2939812469429604,0.5964660887546211,0.5380883148345021
suffix_2_to_1__spectral_only__probability_ensemble,suffix_2_to_1,spectral_only,probability_ensemble,spatial_shuffle,1-1,raw,80,39,0.4875,1.96140120525124,0.847421161856088,0.3469313367875781
suffix_2_to_1__spectral_only__probability_ensemble,suffix_2_to_1,spectral_only,probability_ensemble,spatial_shuffle,1-1,temperature_scaled,80,39,0.4875,1.9270468778320193,0.8398970911397174,0.3628328920489106
suffix_2_to_1__spectral_only__probability_ensemble,suffix_2_to_1,spectral_only,probability_ensemble,spatial_shuffle,2-1,raw,80,0,0.0,2.012930386055017,0.8620800926704841,0.16031407739934858
suffix_2_to_1__spectral_only__probability_ensemble,suffix_2_to_1,spectral_only,probability_ensemble,spatial_shuffle,2-1,temperature_scaled,80,0,0.0,2.0308894069565584,0.8718388903036238,0.18758470051177586
suffix_2_to_1__spectral_only__probability_ensemble,suffix_2_to_1,spectral_only,probability_ensemble,spatial_shuffle,3-1,raw,80,26,0.325,1.7626458811799275,0.7906446590691308,0.22120950983745072
suffix_2_to_1__spectral_only__probability_ensemble,suffix_2_to_1,spectral_only,probability_ensemble,spatial_shuffle,3-1,temperature_scaled,80,27,0.3375,1.7440234005330257,0.7880956658221681,0.23363142850841767
suffix_2_to_1__spectral_only__probability_ensemble,suffix_2_to_1,spectral_only,probability_ensemble,spatial_shuffle,4-1,raw,90,34,0.37777777777777777,1.949462619369168,0.8433888311847255,0.2496046043830278
suffix_2_to_1__spectral_only__probability_ensemble,suffix_2_to_1,spectral_only,probability_ensemble,spatial_shuffle,4-1,temperature_scaled,90,36,0.4,1.8803794785427546,0.8244953441337929,0.334485744040717
suffix_2_to_1__spectral_only__probability_ensemble,suffix_2_to_1,spectral_only,probability_ensemble,spatial_shuffle,5-1,raw,80,7,0.0875,1.984704210373144,0.8543588966007871,0.07157289602129291
suffix_2_to_1__spectral_only__probability_ensemble,suffix_2_to_1,spectral_only,probability_ensemble,spatial_shuffle,5-1,temperature_scaled,80,7,0.0875,1.9844283704127164,0.858818795253822,0.0971031517066488
suffix_2_to_1__spectral_only__probability_ensemble,suffix_2_to_1,spectral_only,probability_ensemble,spatial_shuffle,6-1,raw,80,2,0.025,1.987289805313378,0.8546995859686357,0.1307522979704584
suffix_2_to_1__spectral_only__probability_ensemble,suffix_2_to_1,spectral_only,probability_ensemble,spatial_shuffle,6-1,temperature_scaled,80,0,0.0,1.9876868274691617,0.8575985806194376,0.17774119723516185
suffix_2_to_1__spectral_only__probability_ensemble,suffix_2_to_1,spectral_only,probability_ensemble,spatial_shuffle,7-1,raw,80,64,0.8,1.7727360756944428,0.7853273222433805,0.6213627296663954
suffix_2_to_1__spectral_only__probability_ensemble,suffix_2_to_1,spectral_only,probability_ensemble,spatial_shuffle,7-1,temperature_scaled,80,64,0.8,1.6044892749897364,0.7164831927490727,0.5778388614292514
