protocol,model,actual_label,predicted_label,count
random_seed_holdout,raw_lr,0,0,39
random_seed_holdout,raw_lr,0,1,0
random_seed_holdout,raw_lr,0,2,0
random_seed_holdout,raw_lr,0,3,1
random_seed_holdout,raw_lr,0,4,0
random_seed_holdout,raw_lr,0,5,0
random_seed_holdout,raw_lr,0,6,0
random_seed_holdout,raw_lr,0,7,0
random_seed_holdout,raw_lr,1,0,0
random_seed_holdout,raw_lr,1,1,35
random_seed_holdout,raw_lr,1,2,1
random_seed_holdout,raw_lr,1,3,0
random_seed_holdout,raw_lr,1,4,0
random_seed_holdout,raw_lr,1,5,3
random_seed_holdout,raw_lr,1,6,1
random_seed_holdout,raw_lr,1,7,0
random_seed_holdout,raw_lr,2,0,0
random_seed_holdout,raw_lr,2,1,0
random_seed_holdout,raw_lr,2,2,32
random_seed_holdout,raw_lr,2,3,1
random_seed_holdout,raw_lr,2,4,5
random_seed_holdout,raw_lr,2,5,0
random_seed_holdout,raw_lr,2,6,2
random_seed_holdout,raw_lr,2,7,0
random_seed_holdout,raw_lr,3,0,3
random_seed_holdout,raw_lr,3,1,0
random_seed_holdout,raw_lr,3,2,0
random_seed_holdout,raw_lr,3,3,37
random_seed_holdout,raw_lr,3,4,0
random_seed_holdout,raw_lr,3,5,0
random_seed_holdout,raw_lr,3,6,0
random_seed_holdout,raw_lr,3,7,0
random_seed_holdout,raw_lr,4,0,0
random_seed_holdout,raw_lr,4,1,0
random_seed_holdout,raw_lr,4,2,3
random_seed_holdout,raw_lr,4,3,0
random_seed_holdout,raw_lr,4,4,40
random_seed_holdout,raw_lr,4,5,0
random_seed_holdout,raw_lr,4,6,0
random_seed_holdout,raw_lr,4,7,0
random_seed_holdout,raw_lr,5,0,0
random_seed_holdout,raw_lr,5,1,3
random_seed_holdout,raw_lr,5,2,0
random_seed_holdout,raw_lr,5,3,0
random_seed_holdout,raw_lr,5,4,0
random_seed_holdout,raw_lr,5,5,29
random_seed_holdout,raw_lr,5,6,6
random_seed_holdout,raw_lr,5,7,2
random_seed_holdout,raw_lr,6,0,0
random_seed_holdout,raw_lr,6,1,4
random_seed_holdout,raw_lr,6,2,2
random_seed_holdout,raw_lr,6,3,0
random_seed_holdout,raw_lr,6,4,0
random_seed_holdout,raw_lr,6,5,4
random_seed_holdout,raw_lr,6,6,30
random_seed_holdout,raw_lr,6,7,0
random_seed_holdout,raw_lr,7,0,0
random_seed_holdout,raw_lr,7,1,0
random_seed_holdout,raw_lr,7,2,0
random_seed_holdout,raw_lr,7,3,0
random_seed_holdout,raw_lr,7,4,0
random_seed_holdout,raw_lr,7,5,0
random_seed_holdout,raw_lr,7,6,0
random_seed_holdout,raw_lr,7,7,33
random_seed_holdout,raw_svm,0,0,38
random_seed_holdout,raw_svm,0,1,0
random_seed_holdout,raw_svm,0,2,0
random_seed_holdout,raw_svm,0,3,2
random_seed_holdout,raw_svm,0,4,0
random_seed_holdout,raw_svm,0,5,0
random_seed_holdout,raw_svm,0,6,0
random_seed_holdout,raw_svm,0,7,0
random_seed_holdout,raw_svm,1,0,0
random_seed_holdout,raw_svm,1,1,31
random_seed_holdout,raw_svm,1,2,2
random_seed_holdout,raw_svm,1,3,0
random_seed_holdout,raw_svm,1,4,1
random_seed_holdout,raw_svm,1,5,5
random_seed_holdout,raw_svm,1,6,1
random_seed_holdout,raw_svm,1,7,0
random_seed_holdout,raw_svm,2,0,0
random_seed_holdout,raw_svm,2,1,2
random_seed_holdout,raw_svm,2,2,24
random_seed_holdout,raw_svm,2,3,1
random_seed_holdout,raw_svm,2,4,6
random_seed_holdout,raw_svm,2,5,3
random_seed_holdout,raw_svm,2,6,3
random_seed_holdout,raw_svm,2,7,1
random_seed_holdout,raw_svm,3,0,6
random_seed_holdout,raw_svm,3,1,0
random_seed_holdout,raw_svm,3,2,0
random_seed_holdout,raw_svm,3,3,34
random_seed_holdout,raw_svm,3,4,0
random_seed_holdout,raw_svm,3,5,0
random_seed_holdout,raw_svm,3,6,0
random_seed_holdout,raw_svm,3,7,0
random_seed_holdout,raw_svm,4,0,0
random_seed_holdout,raw_svm,4,1,0
random_seed_holdout,raw_svm,4,2,3
random_seed_holdout,raw_svm,4,3,0
random_seed_holdout,raw_svm,4,4,34
random_seed_holdout,raw_svm,4,5,0
random_seed_holdout,raw_svm,4,6,1
random_seed_holdout,raw_svm,4,7,5
random_seed_holdout,raw_svm,5,0,0
random_seed_holdout,raw_svm,5,1,5
random_seed_holdout,raw_svm,5,2,1
random_seed_holdout,raw_svm,5,3,0
random_seed_holdout,raw_svm,5,4,0
random_seed_holdout,raw_svm,5,5,21
random_seed_holdout,raw_svm,5,6,9
random_seed_holdout,raw_svm,5,7,4
random_seed_holdout,raw_svm,6,0,0
random_seed_holdout,raw_svm,6,1,5
random_seed_holdout,raw_svm,6,2,8
random_seed_holdout,raw_svm,6,3,0
random_seed_holdout,raw_svm,6,4,0
random_seed_holdout,raw_svm,6,5,11
random_seed_holdout,raw_svm,6,6,15
random_seed_holdout,raw_svm,6,7,1
random_seed_holdout,raw_svm,7,0,0
random_seed_holdout,raw_svm,7,1,1
random_seed_holdout,raw_svm,7,2,0
random_seed_holdout,raw_svm,7,3,0
random_seed_holdout,raw_svm,7,4,0
random_seed_holdout,raw_svm,7,5,0
random_seed_holdout,raw_svm,7,6,0
random_seed_holdout,raw_svm,7,7,32
random_seed_holdout,raw_pls_da,0,0,39
random_seed_holdout,raw_pls_da,0,1,0
random_seed_holdout,raw_pls_da,0,2,0
random_seed_holdout,raw_pls_da,0,3,1
random_seed_holdout,raw_pls_da,0,4,0
random_seed_holdout,raw_pls_da,0,5,0
random_seed_holdout,raw_pls_da,0,6,0
random_seed_holdout,raw_pls_da,0,7,0
random_seed_holdout,raw_pls_da,1,0,0
random_seed_holdout,raw_pls_da,1,1,38
random_seed_holdout,raw_pls_da,1,2,1
random_seed_holdout,raw_pls_da,1,3,0
random_seed_holdout,raw_pls_da,1,4,0
random_seed_holdout,raw_pls_da,1,5,1
random_seed_holdout,raw_pls_da,1,6,0
random_seed_holdout,raw_pls_da,1,7,0
random_seed_holdout,raw_pls_da,2,0,0
random_seed_holdout,raw_pls_da,2,1,1
random_seed_holdout,raw_pls_da,2,2,31
random_seed_holdout,raw_pls_da,2,3,0
random_seed_holdout,raw_pls_da,2,4,8
random_seed_holdout,raw_pls_da,2,5,0
random_seed_holdout,raw_pls_da,2,6,0
random_seed_holdout,raw_pls_da,2,7,0
random_seed_holdout,raw_pls_da,3,0,1
random_seed_holdout,raw_pls_da,3,1,0
random_seed_holdout,raw_pls_da,3,2,0
random_seed_holdout,raw_pls_da,3,3,39
random_seed_holdout,raw_pls_da,3,4,0
random_seed_holdout,raw_pls_da,3,5,0
random_seed_holdout,raw_pls_da,3,6,0
random_seed_holdout,raw_pls_da,3,7,0
random_seed_holdout,raw_pls_da,4,0,0
random_seed_holdout,raw_pls_da,4,1,0
random_seed_holdout,raw_pls_da,4,2,3
random_seed_holdout,raw_pls_da,4,3,0
random_seed_holdout,raw_pls_da,4,4,40
random_seed_holdout,raw_pls_da,4,5,0
random_seed_holdout,raw_pls_da,4,6,0
random_seed_holdout,raw_pls_da,4,7,0
random_seed_holdout,raw_pls_da,5,0,0
random_seed_holdout,raw_pls_da,5,1,0
random_seed_holdout,raw_pls_da,5,2,0
random_seed_holdout,raw_pls_da,5,3,0
random_seed_holdout,raw_pls_da,5,4,0
random_seed_holdout,raw_pls_da,5,5,37
random_seed_holdout,raw_pls_da,5,6,0
random_seed_holdout,raw_pls_da,5,7,3
random_seed_holdout,raw_pls_da,6,0,0
random_seed_holdout,raw_pls_da,6,1,0
random_seed_holdout,raw_pls_da,6,2,0
random_seed_holdout,raw_pls_da,6,3,0
random_seed_holdout,raw_pls_da,6,4,0
random_seed_holdout,raw_pls_da,6,5,0
random_seed_holdout,raw_pls_da,6,6,40
random_seed_holdout,raw_pls_da,6,7,0
random_seed_holdout,raw_pls_da,7,0,0
random_seed_holdout,raw_pls_da,7,1,0
random_seed_holdout,raw_pls_da,7,2,0
random_seed_holdout,raw_pls_da,7,3,0
random_seed_holdout,raw_pls_da,7,4,0
random_seed_holdout,raw_pls_da,7,5,0
random_seed_holdout,raw_pls_da,7,6,0
random_seed_holdout,raw_pls_da,7,7,33
random_seed_holdout,raw_rf,0,0,34
random_seed_holdout,raw_rf,0,1,0
random_seed_holdout,raw_rf,0,2,0
random_seed_holdout,raw_rf,0,3,6
random_seed_holdout,raw_rf,0,4,0
random_seed_holdout,raw_rf,0,5,0
random_seed_holdout,raw_rf,0,6,0
random_seed_holdout,raw_rf,0,7,0
random_seed_holdout,raw_rf,1,0,0
random_seed_holdout,raw_rf,1,1,22
random_seed_holdout,raw_rf,1,2,6
random_seed_holdout,raw_rf,1,3,0
random_seed_holdout,raw_rf,1,4,1
random_seed_holdout,raw_rf,1,5,9
random_seed_holdout,raw_rf,1,6,2
random_seed_holdout,raw_rf,1,7,0
random_seed_holdout,raw_rf,2,0,0
random_seed_holdout,raw_rf,2,1,3
random_seed_holdout,raw_rf,2,2,19
random_seed_holdout,raw_rf,2,3,1
random_seed_holdout,raw_rf,2,4,7
random_seed_holdout,raw_rf,2,5,2
random_seed_holdout,raw_rf,2,6,6
random_seed_holdout,raw_rf,2,7,2
random_seed_holdout,raw_rf,3,0,7
random_seed_holdout,raw_rf,3,1,0
random_seed_holdout,raw_rf,3,2,0
random_seed_holdout,raw_rf,3,3,33
random_seed_holdout,raw_rf,3,4,0
random_seed_holdout,raw_rf,3,5,0
random_seed_holdout,raw_rf,3,6,0
random_seed_holdout,raw_rf,3,7,0
random_seed_holdout,raw_rf,4,0,0
random_seed_holdout,raw_rf,4,1,1
random_seed_holdout,raw_rf,4,2,5
random_seed_holdout,raw_rf,4,3,0
random_seed_holdout,raw_rf,4,4,32
random_seed_holdout,raw_rf,4,5,0
random_seed_holdout,raw_rf,4,6,1
random_seed_holdout,raw_rf,4,7,4
random_seed_holdout,raw_rf,5,0,0
random_seed_holdout,raw_rf,5,1,4
random_seed_holdout,raw_rf,5,2,1
random_seed_holdout,raw_rf,5,3,0
random_seed_holdout,raw_rf,5,4,2
random_seed_holdout,raw_rf,5,5,20
random_seed_holdout,raw_rf,5,6,7
random_seed_holdout,raw_rf,5,7,6
random_seed_holdout,raw_rf,6,0,0
random_seed_holdout,raw_rf,6,1,4
random_seed_holdout,raw_rf,6,2,2
random_seed_holdout,raw_rf,6,3,0
random_seed_holdout,raw_rf,6,4,5
random_seed_holdout,raw_rf,6,5,9
random_seed_holdout,raw_rf,6,6,19
random_seed_holdout,raw_rf,6,7,1
random_seed_holdout,raw_rf,7,0,0
random_seed_holdout,raw_rf,7,1,1
random_seed_holdout,raw_rf,7,2,0
random_seed_holdout,raw_rf,7,3,0
random_seed_holdout,raw_rf,7,4,1
random_seed_holdout,raw_rf,7,5,1
random_seed_holdout,raw_rf,7,6,2
random_seed_holdout,raw_rf,7,7,28
random_seed_holdout,snv_lr,0,0,40
random_seed_holdout,snv_lr,0,1,0
random_seed_holdout,snv_lr,0,2,0
random_seed_holdout,snv_lr,0,3,0
random_seed_holdout,snv_lr,0,4,0
random_seed_holdout,snv_lr,0,5,0
random_seed_holdout,snv_lr,0,6,0
random_seed_holdout,snv_lr,0,7,0
random_seed_holdout,snv_lr,1,0,0
random_seed_holdout,snv_lr,1,1,37
random_seed_holdout,snv_lr,1,2,1
random_seed_holdout,snv_lr,1,3,0
random_seed_holdout,snv_lr,1,4,0
random_seed_holdout,snv_lr,1,5,0
random_seed_holdout,snv_lr,1,6,2
random_seed_holdout,snv_lr,1,7,0
random_seed_holdout,snv_lr,2,0,0
random_seed_holdout,snv_lr,2,1,0
random_seed_holdout,snv_lr,2,2,36
random_seed_holdout,snv_lr,2,3,0
random_seed_holdout,snv_lr,2,4,4
random_seed_holdout,snv_lr,2,5,0
random_seed_holdout,snv_lr,2,6,0
random_seed_holdout,snv_lr,2,7,0
random_seed_holdout,snv_lr,3,0,0
random_seed_holdout,snv_lr,3,1,0
random_seed_holdout,snv_lr,3,2,0
random_seed_holdout,snv_lr,3,3,40
random_seed_holdout,snv_lr,3,4,0
random_seed_holdout,snv_lr,3,5,0
random_seed_holdout,snv_lr,3,6,0
random_seed_holdout,snv_lr,3,7,0
random_seed_holdout,snv_lr,4,0,0
random_seed_holdout,snv_lr,4,1,0
random_seed_holdout,snv_lr,4,2,2
random_seed_holdout,snv_lr,4,3,0
random_seed_holdout,snv_lr,4,4,41
random_seed_holdout,snv_lr,4,5,0
random_seed_holdout,snv_lr,4,6,0
random_seed_holdout,snv_lr,4,7,0
random_seed_holdout,snv_lr,5,0,0
random_seed_holdout,snv_lr,5,1,0
random_seed_holdout,snv_lr,5,2,0
random_seed_holdout,snv_lr,5,3,0
random_seed_holdout,snv_lr,5,4,0
random_seed_holdout,snv_lr,5,5,39
random_seed_holdout,snv_lr,5,6,0
random_seed_holdout,snv_lr,5,7,1
random_seed_holdout,snv_lr,6,0,0
random_seed_holdout,snv_lr,6,1,0
random_seed_holdout,snv_lr,6,2,0
random_seed_holdout,snv_lr,6,3,0
random_seed_holdout,snv_lr,6,4,0
random_seed_holdout,snv_lr,6,5,1
random_seed_holdout,snv_lr,6,6,39
random_seed_holdout,snv_lr,6,7,0
random_seed_holdout,snv_lr,7,0,0
random_seed_holdout,snv_lr,7,1,0
random_seed_holdout,snv_lr,7,2,0
random_seed_holdout,snv_lr,7,3,0
random_seed_holdout,snv_lr,7,4,0
random_seed_holdout,snv_lr,7,5,0
random_seed_holdout,snv_lr,7,6,0
random_seed_holdout,snv_lr,7,7,33
random_seed_holdout,msc_lr,0,0,40
random_seed_holdout,msc_lr,0,1,0
random_seed_holdout,msc_lr,0,2,0
random_seed_holdout,msc_lr,0,3,0
random_seed_holdout,msc_lr,0,4,0
random_seed_holdout,msc_lr,0,5,0
random_seed_holdout,msc_lr,0,6,0
random_seed_holdout,msc_lr,0,7,0
random_seed_holdout,msc_lr,1,0,0
random_seed_holdout,msc_lr,1,1,37
random_seed_holdout,msc_lr,1,2,1
random_seed_holdout,msc_lr,1,3,0
random_seed_holdout,msc_lr,1,4,0
random_seed_holdout,msc_lr,1,5,0
random_seed_holdout,msc_lr,1,6,2
random_seed_holdout,msc_lr,1,7,0
random_seed_holdout,msc_lr,2,0,0
random_seed_holdout,msc_lr,2,1,0
random_seed_holdout,msc_lr,2,2,35
random_seed_holdout,msc_lr,2,3,0
random_seed_holdout,msc_lr,2,4,5
random_seed_holdout,msc_lr,2,5,0
random_seed_holdout,msc_lr,2,6,0
random_seed_holdout,msc_lr,2,7,0
random_seed_holdout,msc_lr,3,0,0
random_seed_holdout,msc_lr,3,1,0
random_seed_holdout,msc_lr,3,2,0
random_seed_holdout,msc_lr,3,3,40
random_seed_holdout,msc_lr,3,4,0
random_seed_holdout,msc_lr,3,5,0
random_seed_holdout,msc_lr,3,6,0
random_seed_holdout,msc_lr,3,7,0
random_seed_holdout,msc_lr,4,0,0
random_seed_holdout,msc_lr,4,1,0
random_seed_holdout,msc_lr,4,2,5
random_seed_holdout,msc_lr,4,3,0
random_seed_holdout,msc_lr,4,4,38
random_seed_holdout,msc_lr,4,5,0
random_seed_holdout,msc_lr,4,6,0
random_seed_holdout,msc_lr,4,7,0
random_seed_holdout,msc_lr,5,0,0
random_seed_holdout,msc_lr,5,1,0
random_seed_holdout,msc_lr,5,2,0
random_seed_holdout,msc_lr,5,3,0
random_seed_holdout,msc_lr,5,4,0
random_seed_holdout,msc_lr,5,5,38
random_seed_holdout,msc_lr,5,6,0
random_seed_holdout,msc_lr,5,7,2
random_seed_holdout,msc_lr,6,0,0
random_seed_holdout,msc_lr,6,1,1
random_seed_holdout,msc_lr,6,2,0
random_seed_holdout,msc_lr,6,3,0
random_seed_holdout,msc_lr,6,4,0
random_seed_holdout,msc_lr,6,5,1
random_seed_holdout,msc_lr,6,6,38
random_seed_holdout,msc_lr,6,7,0
random_seed_holdout,msc_lr,7,0,0
random_seed_holdout,msc_lr,7,1,0
random_seed_holdout,msc_lr,7,2,0
random_seed_holdout,msc_lr,7,3,0
random_seed_holdout,msc_lr,7,4,0
random_seed_holdout,msc_lr,7,5,0
random_seed_holdout,msc_lr,7,6,0
random_seed_holdout,msc_lr,7,7,33
random_seed_holdout,sg_smooth_lr,0,0,39
random_seed_holdout,sg_smooth_lr,0,1,0
random_seed_holdout,sg_smooth_lr,0,2,0
random_seed_holdout,sg_smooth_lr,0,3,1
random_seed_holdout,sg_smooth_lr,0,4,0
random_seed_holdout,sg_smooth_lr,0,5,0
random_seed_holdout,sg_smooth_lr,0,6,0
random_seed_holdout,sg_smooth_lr,0,7,0
random_seed_holdout,sg_smooth_lr,1,0,0
random_seed_holdout,sg_smooth_lr,1,1,35
random_seed_holdout,sg_smooth_lr,1,2,1
random_seed_holdout,sg_smooth_lr,1,3,0
random_seed_holdout,sg_smooth_lr,1,4,0
random_seed_holdout,sg_smooth_lr,1,5,3
random_seed_holdout,sg_smooth_lr,1,6,1
random_seed_holdout,sg_smooth_lr,1,7,0
random_seed_holdout,sg_smooth_lr,2,0,0
random_seed_holdout,sg_smooth_lr,2,1,0
random_seed_holdout,sg_smooth_lr,2,2,32
random_seed_holdout,sg_smooth_lr,2,3,1
random_seed_holdout,sg_smooth_lr,2,4,5
random_seed_holdout,sg_smooth_lr,2,5,0
random_seed_holdout,sg_smooth_lr,2,6,2
random_seed_holdout,sg_smooth_lr,2,7,0
random_seed_holdout,sg_smooth_lr,3,0,3
random_seed_holdout,sg_smooth_lr,3,1,0
random_seed_holdout,sg_smooth_lr,3,2,0
random_seed_holdout,sg_smooth_lr,3,3,37
random_seed_holdout,sg_smooth_lr,3,4,0
random_seed_holdout,sg_smooth_lr,3,5,0
random_seed_holdout,sg_smooth_lr,3,6,0
random_seed_holdout,sg_smooth_lr,3,7,0
random_seed_holdout,sg_smooth_lr,4,0,0
random_seed_holdout,sg_smooth_lr,4,1,0
random_seed_holdout,sg_smooth_lr,4,2,3
random_seed_holdout,sg_smooth_lr,4,3,0
random_seed_holdout,sg_smooth_lr,4,4,40
random_seed_holdout,sg_smooth_lr,4,5,0
random_seed_holdout,sg_smooth_lr,4,6,0
random_seed_holdout,sg_smooth_lr,4,7,0
random_seed_holdout,sg_smooth_lr,5,0,0
random_seed_holdout,sg_smooth_lr,5,1,3
random_seed_holdout,sg_smooth_lr,5,2,0
random_seed_holdout,sg_smooth_lr,5,3,0
random_seed_holdout,sg_smooth_lr,5,4,0
random_seed_holdout,sg_smooth_lr,5,5,29
random_seed_holdout,sg_smooth_lr,5,6,6
random_seed_holdout,sg_smooth_lr,5,7,2
random_seed_holdout,sg_smooth_lr,6,0,0
random_seed_holdout,sg_smooth_lr,6,1,4
random_seed_holdout,sg_smooth_lr,6,2,3
random_seed_holdout,sg_smooth_lr,6,3,0
random_seed_holdout,sg_smooth_lr,6,4,0
random_seed_holdout,sg_smooth_lr,6,5,4
random_seed_holdout,sg_smooth_lr,6,6,29
random_seed_holdout,sg_smooth_lr,6,7,0
random_seed_holdout,sg_smooth_lr,7,0,0
random_seed_holdout,sg_smooth_lr,7,1,0
random_seed_holdout,sg_smooth_lr,7,2,0
random_seed_holdout,sg_smooth_lr,7,3,0
random_seed_holdout,sg_smooth_lr,7,4,0
random_seed_holdout,sg_smooth_lr,7,5,0
random_seed_holdout,sg_smooth_lr,7,6,0
random_seed_holdout,sg_smooth_lr,7,7,33
random_seed_holdout,sg_first_derivative_lr,0,0,40
random_seed_holdout,sg_first_derivative_lr,0,1,0
random_seed_holdout,sg_first_derivative_lr,0,2,0
random_seed_holdout,sg_first_derivative_lr,0,3,0
random_seed_holdout,sg_first_derivative_lr,0,4,0
random_seed_holdout,sg_first_derivative_lr,0,5,0
random_seed_holdout,sg_first_derivative_lr,0,6,0
random_seed_holdout,sg_first_derivative_lr,0,7,0
random_seed_holdout,sg_first_derivative_lr,1,0,0
random_seed_holdout,sg_first_derivative_lr,1,1,39
random_seed_holdout,sg_first_derivative_lr,1,2,0
random_seed_holdout,sg_first_derivative_lr,1,3,0
random_seed_holdout,sg_first_derivative_lr,1,4,0
random_seed_holdout,sg_first_derivative_lr,1,5,1
random_seed_holdout,sg_first_derivative_lr,1,6,0
random_seed_holdout,sg_first_derivative_lr,1,7,0
random_seed_holdout,sg_first_derivative_lr,2,0,0
random_seed_holdout,sg_first_derivative_lr,2,1,0
random_seed_holdout,sg_first_derivative_lr,2,2,37
random_seed_holdout,sg_first_derivative_lr,2,3,0
random_seed_holdout,sg_first_derivative_lr,2,4,3
random_seed_holdout,sg_first_derivative_lr,2,5,0
random_seed_holdout,sg_first_derivative_lr,2,6,0
random_seed_holdout,sg_first_derivative_lr,2,7,0
random_seed_holdout,sg_first_derivative_lr,3,0,0
random_seed_holdout,sg_first_derivative_lr,3,1,0
random_seed_holdout,sg_first_derivative_lr,3,2,0
random_seed_holdout,sg_first_derivative_lr,3,3,40
random_seed_holdout,sg_first_derivative_lr,3,4,0
random_seed_holdout,sg_first_derivative_lr,3,5,0
random_seed_holdout,sg_first_derivative_lr,3,6,0
random_seed_holdout,sg_first_derivative_lr,3,7,0
random_seed_holdout,sg_first_derivative_lr,4,0,0
random_seed_holdout,sg_first_derivative_lr,4,1,0
random_seed_holdout,sg_first_derivative_lr,4,2,4
random_seed_holdout,sg_first_derivative_lr,4,3,0
random_seed_holdout,sg_first_derivative_lr,4,4,39
random_seed_holdout,sg_first_derivative_lr,4,5,0
random_seed_holdout,sg_first_derivative_lr,4,6,0
random_seed_holdout,sg_first_derivative_lr,4,7,0
random_seed_holdout,sg_first_derivative_lr,5,0,0
random_seed_holdout,sg_first_derivative_lr,5,1,0
random_seed_holdout,sg_first_derivative_lr,5,2,0
random_seed_holdout,sg_first_derivative_lr,5,3,0
random_seed_holdout,sg_first_derivative_lr,5,4,0
random_seed_holdout,sg_first_derivative_lr,5,5,39
random_seed_holdout,sg_first_derivative_lr,5,6,0
random_seed_holdout,sg_first_derivative_lr,5,7,1
random_seed_holdout,sg_first_derivative_lr,6,0,0
random_seed_holdout,sg_first_derivative_lr,6,1,0
random_seed_holdout,sg_first_derivative_lr,6,2,0
random_seed_holdout,sg_first_derivative_lr,6,3,0
random_seed_holdout,sg_first_derivative_lr,6,4,0
random_seed_holdout,sg_first_derivative_lr,6,5,0
random_seed_holdout,sg_first_derivative_lr,6,6,40
random_seed_holdout,sg_first_derivative_lr,6,7,0
random_seed_holdout,sg_first_derivative_lr,7,0,0
random_seed_holdout,sg_first_derivative_lr,7,1,0
random_seed_holdout,sg_first_derivative_lr,7,2,0
random_seed_holdout,sg_first_derivative_lr,7,3,0
random_seed_holdout,sg_first_derivative_lr,7,4,0
random_seed_holdout,sg_first_derivative_lr,7,5,0
random_seed_holdout,sg_first_derivative_lr,7,6,0
random_seed_holdout,sg_first_derivative_lr,7,7,33
suffix_1_to_2,raw_lr,0,0,73
suffix_1_to_2,raw_lr,0,1,0
suffix_1_to_2,raw_lr,0,2,0
suffix_1_to_2,raw_lr,0,3,6
suffix_1_to_2,raw_lr,0,4,1
suffix_1_to_2,raw_lr,0,5,0
suffix_1_to_2,raw_lr,0,6,0
suffix_1_to_2,raw_lr,0,7,0
suffix_1_to_2,raw_lr,1,0,0
suffix_1_to_2,raw_lr,1,1,74
suffix_1_to_2,raw_lr,1,2,2
suffix_1_to_2,raw_lr,1,3,0
suffix_1_to_2,raw_lr,1,4,0
suffix_1_to_2,raw_lr,1,5,1
suffix_1_to_2,raw_lr,1,6,3
suffix_1_to_2,raw_lr,1,7,0
suffix_1_to_2,raw_lr,2,0,0
suffix_1_to_2,raw_lr,2,1,0
suffix_1_to_2,raw_lr,2,2,52
suffix_1_to_2,raw_lr,2,3,0
suffix_1_to_2,raw_lr,2,4,25
suffix_1_to_2,raw_lr,2,5,0
suffix_1_to_2,raw_lr,2,6,2
suffix_1_to_2,raw_lr,2,7,1
suffix_1_to_2,raw_lr,3,0,17
suffix_1_to_2,raw_lr,3,1,0
suffix_1_to_2,raw_lr,3,2,0
suffix_1_to_2,raw_lr,3,3,63
suffix_1_to_2,raw_lr,3,4,0
suffix_1_to_2,raw_lr,3,5,0
suffix_1_to_2,raw_lr,3,6,0
suffix_1_to_2,raw_lr,3,7,0
suffix_1_to_2,raw_lr,4,0,0
suffix_1_to_2,raw_lr,4,1,0
suffix_1_to_2,raw_lr,4,2,1
suffix_1_to_2,raw_lr,4,3,0
suffix_1_to_2,raw_lr,4,4,76
suffix_1_to_2,raw_lr,4,5,1
suffix_1_to_2,raw_lr,4,6,0
suffix_1_to_2,raw_lr,4,7,2
suffix_1_to_2,raw_lr,5,0,0
suffix_1_to_2,raw_lr,5,1,3
suffix_1_to_2,raw_lr,5,2,0
suffix_1_to_2,raw_lr,5,3,0
suffix_1_to_2,raw_lr,5,4,0
suffix_1_to_2,raw_lr,5,5,41
suffix_1_to_2,raw_lr,5,6,35
suffix_1_to_2,raw_lr,5,7,1
suffix_1_to_2,raw_lr,6,0,0
suffix_1_to_2,raw_lr,6,1,4
suffix_1_to_2,raw_lr,6,2,6
suffix_1_to_2,raw_lr,6,3,0
suffix_1_to_2,raw_lr,6,4,0
suffix_1_to_2,raw_lr,6,5,12
suffix_1_to_2,raw_lr,6,6,58
suffix_1_to_2,raw_lr,6,7,0
suffix_1_to_2,raw_lr,7,0,0
suffix_1_to_2,raw_lr,7,1,1
suffix_1_to_2,raw_lr,7,2,0
suffix_1_to_2,raw_lr,7,3,0
suffix_1_to_2,raw_lr,7,4,0
suffix_1_to_2,raw_lr,7,5,1
suffix_1_to_2,raw_lr,7,6,0
suffix_1_to_2,raw_lr,7,7,52
suffix_1_to_2,raw_svm,0,0,70
suffix_1_to_2,raw_svm,0,1,0
suffix_1_to_2,raw_svm,0,2,0
suffix_1_to_2,raw_svm,0,3,9
suffix_1_to_2,raw_svm,0,4,1
suffix_1_to_2,raw_svm,0,5,0
suffix_1_to_2,raw_svm,0,6,0
suffix_1_to_2,raw_svm,0,7,0
suffix_1_to_2,raw_svm,1,0,0
suffix_1_to_2,raw_svm,1,1,68
suffix_1_to_2,raw_svm,1,2,6
suffix_1_to_2,raw_svm,1,3,0
suffix_1_to_2,raw_svm,1,4,0
suffix_1_to_2,raw_svm,1,5,2
suffix_1_to_2,raw_svm,1,6,4
suffix_1_to_2,raw_svm,1,7,0
suffix_1_to_2,raw_svm,2,0,1
suffix_1_to_2,raw_svm,2,1,6
suffix_1_to_2,raw_svm,2,2,49
suffix_1_to_2,raw_svm,2,3,0
suffix_1_to_2,raw_svm,2,4,17
suffix_1_to_2,raw_svm,2,5,1
suffix_1_to_2,raw_svm,2,6,3
suffix_1_to_2,raw_svm,2,7,3
suffix_1_to_2,raw_svm,3,0,23
suffix_1_to_2,raw_svm,3,1,0
suffix_1_to_2,raw_svm,3,2,0
suffix_1_to_2,raw_svm,3,3,57
suffix_1_to_2,raw_svm,3,4,0
suffix_1_to_2,raw_svm,3,5,0
suffix_1_to_2,raw_svm,3,6,0
suffix_1_to_2,raw_svm,3,7,0
suffix_1_to_2,raw_svm,4,0,0
suffix_1_to_2,raw_svm,4,1,2
suffix_1_to_2,raw_svm,4,2,1
suffix_1_to_2,raw_svm,4,3,0
suffix_1_to_2,raw_svm,4,4,71
suffix_1_to_2,raw_svm,4,5,2
suffix_1_to_2,raw_svm,4,6,0
suffix_1_to_2,raw_svm,4,7,4
suffix_1_to_2,raw_svm,5,0,0
suffix_1_to_2,raw_svm,5,1,12
suffix_1_to_2,raw_svm,5,2,3
suffix_1_to_2,raw_svm,5,3,0
suffix_1_to_2,raw_svm,5,4,0
suffix_1_to_2,raw_svm,5,5,43
suffix_1_to_2,raw_svm,5,6,20
suffix_1_to_2,raw_svm,5,7,2
suffix_1_to_2,raw_svm,6,0,0
suffix_1_to_2,raw_svm,6,1,11
suffix_1_to_2,raw_svm,6,2,9
suffix_1_to_2,raw_svm,6,3,0
suffix_1_to_2,raw_svm,6,4,0
suffix_1_to_2,raw_svm,6,5,26
suffix_1_to_2,raw_svm,6,6,32
suffix_1_to_2,raw_svm,6,7,2
suffix_1_to_2,raw_svm,7,0,0
suffix_1_to_2,raw_svm,7,1,3
suffix_1_to_2,raw_svm,7,2,0
suffix_1_to_2,raw_svm,7,3,0
suffix_1_to_2,raw_svm,7,4,0
suffix_1_to_2,raw_svm,7,5,1
suffix_1_to_2,raw_svm,7,6,0
suffix_1_to_2,raw_svm,7,7,50
suffix_1_to_2,raw_pls_da,0,0,76
suffix_1_to_2,raw_pls_da,0,1,0
suffix_1_to_2,raw_pls_da,0,2,0
suffix_1_to_2,raw_pls_da,0,3,2
suffix_1_to_2,raw_pls_da,0,4,0
suffix_1_to_2,raw_pls_da,0,5,0
suffix_1_to_2,raw_pls_da,0,6,0
suffix_1_to_2,raw_pls_da,0,7,2
suffix_1_to_2,raw_pls_da,1,0,0
suffix_1_to_2,raw_pls_da,1,1,78
suffix_1_to_2,raw_pls_da,1,2,2
suffix_1_to_2,raw_pls_da,1,3,0
suffix_1_to_2,raw_pls_da,1,4,0
suffix_1_to_2,raw_pls_da,1,5,0
suffix_1_to_2,raw_pls_da,1,6,0
suffix_1_to_2,raw_pls_da,1,7,0
suffix_1_to_2,raw_pls_da,2,0,0
suffix_1_to_2,raw_pls_da,2,1,6
suffix_1_to_2,raw_pls_da,2,2,43
suffix_1_to_2,raw_pls_da,2,3,0
suffix_1_to_2,raw_pls_da,2,4,31
suffix_1_to_2,raw_pls_da,2,5,0
suffix_1_to_2,raw_pls_da,2,6,0
suffix_1_to_2,raw_pls_da,2,7,0
suffix_1_to_2,raw_pls_da,3,0,1
suffix_1_to_2,raw_pls_da,3,1,0
suffix_1_to_2,raw_pls_da,3,2,0
suffix_1_to_2,raw_pls_da,3,3,78
suffix_1_to_2,raw_pls_da,3,4,0
suffix_1_to_2,raw_pls_da,3,5,0
suffix_1_to_2,raw_pls_da,3,6,1
suffix_1_to_2,raw_pls_da,3,7,0
suffix_1_to_2,raw_pls_da,4,0,1
suffix_1_to_2,raw_pls_da,4,1,0
suffix_1_to_2,raw_pls_da,4,2,4
suffix_1_to_2,raw_pls_da,4,3,0
suffix_1_to_2,raw_pls_da,4,4,75
suffix_1_to_2,raw_pls_da,4,5,0
suffix_1_to_2,raw_pls_da,4,6,0
suffix_1_to_2,raw_pls_da,4,7,0
suffix_1_to_2,raw_pls_da,5,0,0
suffix_1_to_2,raw_pls_da,5,1,0
suffix_1_to_2,raw_pls_da,5,2,5
suffix_1_to_2,raw_pls_da,5,3,0
suffix_1_to_2,raw_pls_da,5,4,0
suffix_1_to_2,raw_pls_da,5,5,43
suffix_1_to_2,raw_pls_da,5,6,21
suffix_1_to_2,raw_pls_da,5,7,11
suffix_1_to_2,raw_pls_da,6,0,0
suffix_1_to_2,raw_pls_da,6,1,1
suffix_1_to_2,raw_pls_da,6,2,0
suffix_1_to_2,raw_pls_da,6,3,0
suffix_1_to_2,raw_pls_da,6,4,0
suffix_1_to_2,raw_pls_da,6,5,0
suffix_1_to_2,raw_pls_da,6,6,78
suffix_1_to_2,raw_pls_da,6,7,1
suffix_1_to_2,raw_pls_da,7,0,0
suffix_1_to_2,raw_pls_da,7,1,0
suffix_1_to_2,raw_pls_da,7,2,1
suffix_1_to_2,raw_pls_da,7,3,0
suffix_1_to_2,raw_pls_da,7,4,0
suffix_1_to_2,raw_pls_da,7,5,0
suffix_1_to_2,raw_pls_da,7,6,0
suffix_1_to_2,raw_pls_da,7,7,53
suffix_1_to_2,raw_rf,0,0,60
suffix_1_to_2,raw_rf,0,1,0
suffix_1_to_2,raw_rf,0,2,3
suffix_1_to_2,raw_rf,0,3,17
suffix_1_to_2,raw_rf,0,4,0
suffix_1_to_2,raw_rf,0,5,0
suffix_1_to_2,raw_rf,0,6,0
suffix_1_to_2,raw_rf,0,7,0
suffix_1_to_2,raw_rf,1,0,0
suffix_1_to_2,raw_rf,1,1,39
suffix_1_to_2,raw_rf,1,2,12
suffix_1_to_2,raw_rf,1,3,0
suffix_1_to_2,raw_rf,1,4,3
suffix_1_to_2,raw_rf,1,5,3
suffix_1_to_2,raw_rf,1,6,22
suffix_1_to_2,raw_rf,1,7,1
suffix_1_to_2,raw_rf,2,0,0
suffix_1_to_2,raw_rf,2,1,8
suffix_1_to_2,raw_rf,2,2,47
suffix_1_to_2,raw_rf,2,3,0
suffix_1_to_2,raw_rf,2,4,16
suffix_1_to_2,raw_rf,2,5,1
suffix_1_to_2,raw_rf,2,6,6
suffix_1_to_2,raw_rf,2,7,2
suffix_1_to_2,raw_rf,3,0,26
suffix_1_to_2,raw_rf,3,1,0
suffix_1_to_2,raw_rf,3,2,0
suffix_1_to_2,raw_rf,3,3,54
suffix_1_to_2,raw_rf,3,4,0
suffix_1_to_2,raw_rf,3,5,0
suffix_1_to_2,raw_rf,3,6,0
suffix_1_to_2,raw_rf,3,7,0
suffix_1_to_2,raw_rf,4,0,0
suffix_1_to_2,raw_rf,4,1,0
suffix_1_to_2,raw_rf,4,2,1
suffix_1_to_2,raw_rf,4,3,0
suffix_1_to_2,raw_rf,4,4,70
suffix_1_to_2,raw_rf,4,5,2
suffix_1_to_2,raw_rf,4,6,0
suffix_1_to_2,raw_rf,4,7,7
suffix_1_to_2,raw_rf,5,0,0
suffix_1_to_2,raw_rf,5,1,15
suffix_1_to_2,raw_rf,5,2,4
suffix_1_to_2,raw_rf,5,3,0
suffix_1_to_2,raw_rf,5,4,1
suffix_1_to_2,raw_rf,5,5,37
suffix_1_to_2,raw_rf,5,6,17
suffix_1_to_2,raw_rf,5,7,6
suffix_1_to_2,raw_rf,6,0,0
suffix_1_to_2,raw_rf,6,1,9
suffix_1_to_2,raw_rf,6,2,11
suffix_1_to_2,raw_rf,6,3,0
suffix_1_to_2,raw_rf,6,4,4
suffix_1_to_2,raw_rf,6,5,18
suffix_1_to_2,raw_rf,6,6,35
suffix_1_to_2,raw_rf,6,7,3
suffix_1_to_2,raw_rf,7,0,0
suffix_1_to_2,raw_rf,7,1,5
suffix_1_to_2,raw_rf,7,2,0
suffix_1_to_2,raw_rf,7,3,0
suffix_1_to_2,raw_rf,7,4,1
suffix_1_to_2,raw_rf,7,5,2
suffix_1_to_2,raw_rf,7,6,1
suffix_1_to_2,raw_rf,7,7,45
suffix_1_to_2,snv_lr,0,0,77
suffix_1_to_2,snv_lr,0,1,0
suffix_1_to_2,snv_lr,0,2,0
suffix_1_to_2,snv_lr,0,3,2
suffix_1_to_2,snv_lr,0,4,0
suffix_1_to_2,snv_lr,0,5,0
suffix_1_to_2,snv_lr,0,6,0
suffix_1_to_2,snv_lr,0,7,1
suffix_1_to_2,snv_lr,1,0,0
suffix_1_to_2,snv_lr,1,1,75
suffix_1_to_2,snv_lr,1,2,0
suffix_1_to_2,snv_lr,1,3,0
suffix_1_to_2,snv_lr,1,4,0
suffix_1_to_2,snv_lr,1,5,0
suffix_1_to_2,snv_lr,1,6,5
suffix_1_to_2,snv_lr,1,7,0
suffix_1_to_2,snv_lr,2,0,0
suffix_1_to_2,snv_lr,2,1,1
suffix_1_to_2,snv_lr,2,2,55
suffix_1_to_2,snv_lr,2,3,0
suffix_1_to_2,snv_lr,2,4,20
suffix_1_to_2,snv_lr,2,5,3
suffix_1_to_2,snv_lr,2,6,0
suffix_1_to_2,snv_lr,2,7,1
suffix_1_to_2,snv_lr,3,0,1
suffix_1_to_2,snv_lr,3,1,0
suffix_1_to_2,snv_lr,3,2,0
suffix_1_to_2,snv_lr,3,3,77
suffix_1_to_2,snv_lr,3,4,1
suffix_1_to_2,snv_lr,3,5,0
suffix_1_to_2,snv_lr,3,6,0
suffix_1_to_2,snv_lr,3,7,1
suffix_1_to_2,snv_lr,4,0,0
suffix_1_to_2,snv_lr,4,1,0
suffix_1_to_2,snv_lr,4,2,3
suffix_1_to_2,snv_lr,4,3,0
suffix_1_to_2,snv_lr,4,4,76
suffix_1_to_2,snv_lr,4,5,0
suffix_1_to_2,snv_lr,4,6,0
suffix_1_to_2,snv_lr,4,7,1
suffix_1_to_2,snv_lr,5,0,0
suffix_1_to_2,snv_lr,5,1,3
suffix_1_to_2,snv_lr,5,2,2
suffix_1_to_2,snv_lr,5,3,0
suffix_1_to_2,snv_lr,5,4,0
suffix_1_to_2,snv_lr,5,5,20
suffix_1_to_2,snv_lr,5,6,54
suffix_1_to_2,snv_lr,5,7,1
suffix_1_to_2,snv_lr,6,0,0
suffix_1_to_2,snv_lr,6,1,0
suffix_1_to_2,snv_lr,6,2,0
suffix_1_to_2,snv_lr,6,3,0
suffix_1_to_2,snv_lr,6,4,0
suffix_1_to_2,snv_lr,6,5,1
suffix_1_to_2,snv_lr,6,6,79
suffix_1_to_2,snv_lr,6,7,0
suffix_1_to_2,snv_lr,7,0,0
suffix_1_to_2,snv_lr,7,1,0
suffix_1_to_2,snv_lr,7,2,0
suffix_1_to_2,snv_lr,7,3,0
suffix_1_to_2,snv_lr,7,4,0
suffix_1_to_2,snv_lr,7,5,1
suffix_1_to_2,snv_lr,7,6,0
suffix_1_to_2,snv_lr,7,7,53
suffix_1_to_2,msc_lr,0,0,77
suffix_1_to_2,msc_lr,0,1,0
suffix_1_to_2,msc_lr,0,2,0
suffix_1_to_2,msc_lr,0,3,2
suffix_1_to_2,msc_lr,0,4,0
suffix_1_to_2,msc_lr,0,5,0
suffix_1_to_2,msc_lr,0,6,0
suffix_1_to_2,msc_lr,0,7,1
suffix_1_to_2,msc_lr,1,0,0
suffix_1_to_2,msc_lr,1,1,76
suffix_1_to_2,msc_lr,1,2,0
suffix_1_to_2,msc_lr,1,3,0
suffix_1_to_2,msc_lr,1,4,0
suffix_1_to_2,msc_lr,1,5,0
suffix_1_to_2,msc_lr,1,6,4
suffix_1_to_2,msc_lr,1,7,0
suffix_1_to_2,msc_lr,2,0,0
suffix_1_to_2,msc_lr,2,1,1
suffix_1_to_2,msc_lr,2,2,44
suffix_1_to_2,msc_lr,2,3,0
suffix_1_to_2,msc_lr,2,4,30
suffix_1_to_2,msc_lr,2,5,3
suffix_1_to_2,msc_lr,2,6,0
suffix_1_to_2,msc_lr,2,7,2
suffix_1_to_2,msc_lr,3,0,1
suffix_1_to_2,msc_lr,3,1,0
suffix_1_to_2,msc_lr,3,2,0
suffix_1_to_2,msc_lr,3,3,77
suffix_1_to_2,msc_lr,3,4,1
suffix_1_to_2,msc_lr,3,5,0
suffix_1_to_2,msc_lr,3,6,0
suffix_1_to_2,msc_lr,3,7,1
suffix_1_to_2,msc_lr,4,0,0
suffix_1_to_2,msc_lr,4,1,0
suffix_1_to_2,msc_lr,4,2,4
suffix_1_to_2,msc_lr,4,3,0
suffix_1_to_2,msc_lr,4,4,75
suffix_1_to_2,msc_lr,4,5,0
suffix_1_to_2,msc_lr,4,6,0
suffix_1_to_2,msc_lr,4,7,1
suffix_1_to_2,msc_lr,5,0,0
suffix_1_to_2,msc_lr,5,1,1
suffix_1_to_2,msc_lr,5,2,2
suffix_1_to_2,msc_lr,5,3,0
suffix_1_to_2,msc_lr,5,4,0
suffix_1_to_2,msc_lr,5,5,21
suffix_1_to_2,msc_lr,5,6,55
suffix_1_to_2,msc_lr,5,7,1
suffix_1_to_2,msc_lr,6,0,0
suffix_1_to_2,msc_lr,6,1,0
suffix_1_to_2,msc_lr,6,2,0
suffix_1_to_2,msc_lr,6,3,0
suffix_1_to_2,msc_lr,6,4,0
suffix_1_to_2,msc_lr,6,5,1
suffix_1_to_2,msc_lr,6,6,79
suffix_1_to_2,msc_lr,6,7,0
suffix_1_to_2,msc_lr,7,0,0
suffix_1_to_2,msc_lr,7,1,0
suffix_1_to_2,msc_lr,7,2,0
suffix_1_to_2,msc_lr,7,3,0
suffix_1_to_2,msc_lr,7,4,0
suffix_1_to_2,msc_lr,7,5,1
suffix_1_to_2,msc_lr,7,6,0
suffix_1_to_2,msc_lr,7,7,53
suffix_1_to_2,sg_smooth_lr,0,0,73
suffix_1_to_2,sg_smooth_lr,0,1,0
suffix_1_to_2,sg_smooth_lr,0,2,0
suffix_1_to_2,sg_smooth_lr,0,3,6
suffix_1_to_2,sg_smooth_lr,0,4,1
suffix_1_to_2,sg_smooth_lr,0,5,0
suffix_1_to_2,sg_smooth_lr,0,6,0
suffix_1_to_2,sg_smooth_lr,0,7,0
suffix_1_to_2,sg_smooth_lr,1,0,0
suffix_1_to_2,sg_smooth_lr,1,1,74
suffix_1_to_2,sg_smooth_lr,1,2,2
suffix_1_to_2,sg_smooth_lr,1,3,0
suffix_1_to_2,sg_smooth_lr,1,4,0
suffix_1_to_2,sg_smooth_lr,1,5,1
suffix_1_to_2,sg_smooth_lr,1,6,3
suffix_1_to_2,sg_smooth_lr,1,7,0
suffix_1_to_2,sg_smooth_lr,2,0,0
suffix_1_to_2,sg_smooth_lr,2,1,0
suffix_1_to_2,sg_smooth_lr,2,2,52
suffix_1_to_2,sg_smooth_lr,2,3,0
suffix_1_to_2,sg_smooth_lr,2,4,25
suffix_1_to_2,sg_smooth_lr,2,5,0
suffix_1_to_2,sg_smooth_lr,2,6,2
suffix_1_to_2,sg_smooth_lr,2,7,1
suffix_1_to_2,sg_smooth_lr,3,0,17
suffix_1_to_2,sg_smooth_lr,3,1,0
suffix_1_to_2,sg_smooth_lr,3,2,0
suffix_1_to_2,sg_smooth_lr,3,3,63
suffix_1_to_2,sg_smooth_lr,3,4,0
suffix_1_to_2,sg_smooth_lr,3,5,0
suffix_1_to_2,sg_smooth_lr,3,6,0
suffix_1_to_2,sg_smooth_lr,3,7,0
suffix_1_to_2,sg_smooth_lr,4,0,0
suffix_1_to_2,sg_smooth_lr,4,1,0
suffix_1_to_2,sg_smooth_lr,4,2,1
suffix_1_to_2,sg_smooth_lr,4,3,0
suffix_1_to_2,sg_smooth_lr,4,4,76
suffix_1_to_2,sg_smooth_lr,4,5,1
suffix_1_to_2,sg_smooth_lr,4,6,0
suffix_1_to_2,sg_smooth_lr,4,7,2
suffix_1_to_2,sg_smooth_lr,5,0,0
suffix_1_to_2,sg_smooth_lr,5,1,3
suffix_1_to_2,sg_smooth_lr,5,2,0
suffix_1_to_2,sg_smooth_lr,5,3,0
suffix_1_to_2,sg_smooth_lr,5,4,0
suffix_1_to_2,sg_smooth_lr,5,5,42
suffix_1_to_2,sg_smooth_lr,5,6,34
suffix_1_to_2,sg_smooth_lr,5,7,1
suffix_1_to_2,sg_smooth_lr,6,0,0
suffix_1_to_2,sg_smooth_lr,6,1,3
suffix_1_to_2,sg_smooth_lr,6,2,6
suffix_1_to_2,sg_smooth_lr,6,3,0
suffix_1_to_2,sg_smooth_lr,6,4,0
suffix_1_to_2,sg_smooth_lr,6,5,15
suffix_1_to_2,sg_smooth_lr,6,6,56
suffix_1_to_2,sg_smooth_lr,6,7,0
suffix_1_to_2,sg_smooth_lr,7,0,0
suffix_1_to_2,sg_smooth_lr,7,1,1
suffix_1_to_2,sg_smooth_lr,7,2,0
suffix_1_to_2,sg_smooth_lr,7,3,0
suffix_1_to_2,sg_smooth_lr,7,4,0
suffix_1_to_2,sg_smooth_lr,7,5,1
suffix_1_to_2,sg_smooth_lr,7,6,0
suffix_1_to_2,sg_smooth_lr,7,7,52
suffix_1_to_2,sg_first_derivative_lr,0,0,79
suffix_1_to_2,sg_first_derivative_lr,0,1,0
suffix_1_to_2,sg_first_derivative_lr,0,2,0
suffix_1_to_2,sg_first_derivative_lr,0,3,0
suffix_1_to_2,sg_first_derivative_lr,0,4,0
suffix_1_to_2,sg_first_derivative_lr,0,5,0
suffix_1_to_2,sg_first_derivative_lr,0,6,0
suffix_1_to_2,sg_first_derivative_lr,0,7,1
suffix_1_to_2,sg_first_derivative_lr,1,0,0
suffix_1_to_2,sg_first_derivative_lr,1,1,76
suffix_1_to_2,sg_first_derivative_lr,1,2,1
suffix_1_to_2,sg_first_derivative_lr,1,3,0
suffix_1_to_2,sg_first_derivative_lr,1,4,0
suffix_1_to_2,sg_first_derivative_lr,1,5,0
suffix_1_to_2,sg_first_derivative_lr,1,6,3
suffix_1_to_2,sg_first_derivative_lr,1,7,0
suffix_1_to_2,sg_first_derivative_lr,2,0,0
suffix_1_to_2,sg_first_derivative_lr,2,1,2
suffix_1_to_2,sg_first_derivative_lr,2,2,47
suffix_1_to_2,sg_first_derivative_lr,2,3,0
suffix_1_to_2,sg_first_derivative_lr,2,4,29
suffix_1_to_2,sg_first_derivative_lr,2,5,1
suffix_1_to_2,sg_first_derivative_lr,2,6,0
suffix_1_to_2,sg_first_derivative_lr,2,7,1
suffix_1_to_2,sg_first_derivative_lr,3,0,4
suffix_1_to_2,sg_first_derivative_lr,3,1,0
suffix_1_to_2,sg_first_derivative_lr,3,2,0
suffix_1_to_2,sg_first_derivative_lr,3,3,76
suffix_1_to_2,sg_first_derivative_lr,3,4,0
suffix_1_to_2,sg_first_derivative_lr,3,5,0
suffix_1_to_2,sg_first_derivative_lr,3,6,0
suffix_1_to_2,sg_first_derivative_lr,3,7,0
suffix_1_to_2,sg_first_derivative_lr,4,0,0
suffix_1_to_2,sg_first_derivative_lr,4,1,0
suffix_1_to_2,sg_first_derivative_lr,4,2,1
suffix_1_to_2,sg_first_derivative_lr,4,3,0
suffix_1_to_2,sg_first_derivative_lr,4,4,77
suffix_1_to_2,sg_first_derivative_lr,4,5,0
suffix_1_to_2,sg_first_derivative_lr,4,6,0
suffix_1_to_2,sg_first_derivative_lr,4,7,2
suffix_1_to_2,sg_first_derivative_lr,5,0,0
suffix_1_to_2,sg_first_derivative_lr,5,1,0
suffix_1_to_2,sg_first_derivative_lr,5,2,21
suffix_1_to_2,sg_first_derivative_lr,5,3,0
suffix_1_to_2,sg_first_derivative_lr,5,4,0
suffix_1_to_2,sg_first_derivative_lr,5,5,31
suffix_1_to_2,sg_first_derivative_lr,5,6,28
suffix_1_to_2,sg_first_derivative_lr,5,7,0
suffix_1_to_2,sg_first_derivative_lr,6,0,0
suffix_1_to_2,sg_first_derivative_lr,6,1,0
suffix_1_to_2,sg_first_derivative_lr,6,2,0
suffix_1_to_2,sg_first_derivative_lr,6,3,0
suffix_1_to_2,sg_first_derivative_lr,6,4,0
suffix_1_to_2,sg_first_derivative_lr,6,5,0
suffix_1_to_2,sg_first_derivative_lr,6,6,80
suffix_1_to_2,sg_first_derivative_lr,6,7,0
suffix_1_to_2,sg_first_derivative_lr,7,0,0
suffix_1_to_2,sg_first_derivative_lr,7,1,0
suffix_1_to_2,sg_first_derivative_lr,7,2,0
suffix_1_to_2,sg_first_derivative_lr,7,3,0
suffix_1_to_2,sg_first_derivative_lr,7,4,0
suffix_1_to_2,sg_first_derivative_lr,7,5,1
suffix_1_to_2,sg_first_derivative_lr,7,6,0
suffix_1_to_2,sg_first_derivative_lr,7,7,53
suffix_2_to_1,raw_lr,0,0,73
suffix_2_to_1,raw_lr,0,1,0
suffix_2_to_1,raw_lr,0,2,0
suffix_2_to_1,raw_lr,0,3,7
suffix_2_to_1,raw_lr,0,4,0
suffix_2_to_1,raw_lr,0,5,0
suffix_2_to_1,raw_lr,0,6,0
suffix_2_to_1,raw_lr,0,7,0
suffix_2_to_1,raw_lr,1,0,0
suffix_2_to_1,raw_lr,1,1,70
suffix_2_to_1,raw_lr,1,2,1
suffix_2_to_1,raw_lr,1,3,0
suffix_2_to_1,raw_lr,1,4,0
suffix_2_to_1,raw_lr,1,5,4
suffix_2_to_1,raw_lr,1,6,3
suffix_2_to_1,raw_lr,1,7,2
suffix_2_to_1,raw_lr,2,0,0
suffix_2_to_1,raw_lr,2,1,1
suffix_2_to_1,raw_lr,2,2,51
suffix_2_to_1,raw_lr,2,3,1
suffix_2_to_1,raw_lr,2,4,13
suffix_2_to_1,raw_lr,2,5,7
suffix_2_to_1,raw_lr,2,6,7
suffix_2_to_1,raw_lr,2,7,0
suffix_2_to_1,raw_lr,3,0,5
suffix_2_to_1,raw_lr,3,1,0
suffix_2_to_1,raw_lr,3,2,0
suffix_2_to_1,raw_lr,3,3,75
suffix_2_to_1,raw_lr,3,4,0
suffix_2_to_1,raw_lr,3,5,0
suffix_2_to_1,raw_lr,3,6,0
suffix_2_to_1,raw_lr,3,7,0
suffix_2_to_1,raw_lr,4,0,0
suffix_2_to_1,raw_lr,4,1,1
suffix_2_to_1,raw_lr,4,2,7
suffix_2_to_1,raw_lr,4,3,0
suffix_2_to_1,raw_lr,4,4,80
suffix_2_to_1,raw_lr,4,5,0
suffix_2_to_1,raw_lr,4,6,0
suffix_2_to_1,raw_lr,4,7,2
suffix_2_to_1,raw_lr,5,0,0
suffix_2_to_1,raw_lr,5,1,5
suffix_2_to_1,raw_lr,5,2,1
suffix_2_to_1,raw_lr,5,3,0
suffix_2_to_1,raw_lr,5,4,0
suffix_2_to_1,raw_lr,5,5,58
suffix_2_to_1,raw_lr,5,6,12
suffix_2_to_1,raw_lr,5,7,4
suffix_2_to_1,raw_lr,6,0,0
suffix_2_to_1,raw_lr,6,1,14
suffix_2_to_1,raw_lr,6,2,8
suffix_2_to_1,raw_lr,6,3,0
suffix_2_to_1,raw_lr,6,4,1
suffix_2_to_1,raw_lr,6,5,16
suffix_2_to_1,raw_lr,6,6,39
suffix_2_to_1,raw_lr,6,7,2
suffix_2_to_1,raw_lr,7,0,0
suffix_2_to_1,raw_lr,7,1,0
suffix_2_to_1,raw_lr,7,2,0
suffix_2_to_1,raw_lr,7,3,0
suffix_2_to_1,raw_lr,7,4,0
suffix_2_to_1,raw_lr,7,5,1
suffix_2_to_1,raw_lr,7,6,0
suffix_2_to_1,raw_lr,7,7,79
suffix_2_to_1,raw_svm,0,0,66
suffix_2_to_1,raw_svm,0,1,0
suffix_2_to_1,raw_svm,0,2,0
suffix_2_to_1,raw_svm,0,3,14
suffix_2_to_1,raw_svm,0,4,0
suffix_2_to_1,raw_svm,0,5,0
suffix_2_to_1,raw_svm,0,6,0
suffix_2_to_1,raw_svm,0,7,0
suffix_2_to_1,raw_svm,1,0,0
suffix_2_to_1,raw_svm,1,1,54
suffix_2_to_1,raw_svm,1,2,6
suffix_2_to_1,raw_svm,1,3,0
suffix_2_to_1,raw_svm,1,4,1
suffix_2_to_1,raw_svm,1,5,9
suffix_2_to_1,raw_svm,1,6,7
suffix_2_to_1,raw_svm,1,7,3
suffix_2_to_1,raw_svm,2,0,0
suffix_2_to_1,raw_svm,2,1,19
suffix_2_to_1,raw_svm,2,2,35
suffix_2_to_1,raw_svm,2,3,1
suffix_2_to_1,raw_svm,2,4,8
suffix_2_to_1,raw_svm,2,5,5
suffix_2_to_1,raw_svm,2,6,10
suffix_2_to_1,raw_svm,2,7,2
suffix_2_to_1,raw_svm,3,0,11
suffix_2_to_1,raw_svm,3,1,0
suffix_2_to_1,raw_svm,3,2,0
suffix_2_to_1,raw_svm,3,3,69
suffix_2_to_1,raw_svm,3,4,0
suffix_2_to_1,raw_svm,3,5,0
suffix_2_to_1,raw_svm,3,6,0
suffix_2_to_1,raw_svm,3,7,0
suffix_2_to_1,raw_svm,4,0,0
suffix_2_to_1,raw_svm,4,1,5
suffix_2_to_1,raw_svm,4,2,9
suffix_2_to_1,raw_svm,4,3,0
suffix_2_to_1,raw_svm,4,4,67
suffix_2_to_1,raw_svm,4,5,0
suffix_2_to_1,raw_svm,4,6,1
suffix_2_to_1,raw_svm,4,7,8
suffix_2_to_1,raw_svm,5,0,0
suffix_2_to_1,raw_svm,5,1,6
suffix_2_to_1,raw_svm,5,2,1
suffix_2_to_1,raw_svm,5,3,0
suffix_2_to_1,raw_svm,5,4,0
suffix_2_to_1,raw_svm,5,5,45
suffix_2_to_1,raw_svm,5,6,20
suffix_2_to_1,raw_svm,5,7,8
suffix_2_to_1,raw_svm,6,0,0
suffix_2_to_1,raw_svm,6,1,16
suffix_2_to_1,raw_svm,6,2,12
suffix_2_to_1,raw_svm,6,3,0
suffix_2_to_1,raw_svm,6,4,2
suffix_2_to_1,raw_svm,6,5,18
suffix_2_to_1,raw_svm,6,6,28
suffix_2_to_1,raw_svm,6,7,4
suffix_2_to_1,raw_svm,7,0,0
suffix_2_to_1,raw_svm,7,1,1
suffix_2_to_1,raw_svm,7,2,0
suffix_2_to_1,raw_svm,7,3,0
suffix_2_to_1,raw_svm,7,4,0
suffix_2_to_1,raw_svm,7,5,0
suffix_2_to_1,raw_svm,7,6,1
suffix_2_to_1,raw_svm,7,7,78
suffix_2_to_1,raw_pls_da,0,0,80
suffix_2_to_1,raw_pls_da,0,1,0
suffix_2_to_1,raw_pls_da,0,2,0
suffix_2_to_1,raw_pls_da,0,3,0
suffix_2_to_1,raw_pls_da,0,4,0
suffix_2_to_1,raw_pls_da,0,5,0
suffix_2_to_1,raw_pls_da,0,6,0
suffix_2_to_1,raw_pls_da,0,7,0
suffix_2_to_1,raw_pls_da,1,0,0
suffix_2_to_1,raw_pls_da,1,1,75
suffix_2_to_1,raw_pls_da,1,2,4
suffix_2_to_1,raw_pls_da,1,3,0
suffix_2_to_1,raw_pls_da,1,4,0
suffix_2_to_1,raw_pls_da,1,5,0
suffix_2_to_1,raw_pls_da,1,6,1
suffix_2_to_1,raw_pls_da,1,7,0
suffix_2_to_1,raw_pls_da,2,0,0
suffix_2_to_1,raw_pls_da,2,1,0
suffix_2_to_1,raw_pls_da,2,2,53
suffix_2_to_1,raw_pls_da,2,3,0
suffix_2_to_1,raw_pls_da,2,4,17
suffix_2_to_1,raw_pls_da,2,5,10
suffix_2_to_1,raw_pls_da,2,6,0
suffix_2_to_1,raw_pls_da,2,7,0
suffix_2_to_1,raw_pls_da,3,0,6
suffix_2_to_1,raw_pls_da,3,1,0
suffix_2_to_1,raw_pls_da,3,2,0
suffix_2_to_1,raw_pls_da,3,3,74
suffix_2_to_1,raw_pls_da,3,4,0
suffix_2_to_1,raw_pls_da,3,5,0
suffix_2_to_1,raw_pls_da,3,6,0
suffix_2_to_1,raw_pls_da,3,7,0
suffix_2_to_1,raw_pls_da,4,0,0
suffix_2_to_1,raw_pls_da,4,1,0
suffix_2_to_1,raw_pls_da,4,2,2
suffix_2_to_1,raw_pls_da,4,3,1
suffix_2_to_1,raw_pls_da,4,4,87
suffix_2_to_1,raw_pls_da,4,5,0
suffix_2_to_1,raw_pls_da,4,6,0
suffix_2_to_1,raw_pls_da,4,7,0
suffix_2_to_1,raw_pls_da,5,0,0
suffix_2_to_1,raw_pls_da,5,1,1
suffix_2_to_1,raw_pls_da,5,2,1
suffix_2_to_1,raw_pls_da,5,3,0
suffix_2_to_1,raw_pls_da,5,4,0
suffix_2_to_1,raw_pls_da,5,5,72
suffix_2_to_1,raw_pls_da,5,6,1
suffix_2_to_1,raw_pls_da,5,7,5
suffix_2_to_1,raw_pls_da,6,0,0
suffix_2_to_1,raw_pls_da,6,1,6
suffix_2_to_1,raw_pls_da,6,2,0
suffix_2_to_1,raw_pls_da,6,3,0
suffix_2_to_1,raw_pls_da,6,4,0
suffix_2_to_1,raw_pls_da,6,5,0
suffix_2_to_1,raw_pls_da,6,6,70
suffix_2_to_1,raw_pls_da,6,7,4
suffix_2_to_1,raw_pls_da,7,0,0
suffix_2_to_1,raw_pls_da,7,1,0
suffix_2_to_1,raw_pls_da,7,2,0
suffix_2_to_1,raw_pls_da,7,3,0
suffix_2_to_1,raw_pls_da,7,4,0
suffix_2_to_1,raw_pls_da,7,5,7
suffix_2_to_1,raw_pls_da,7,6,0
suffix_2_to_1,raw_pls_da,7,7,73
suffix_2_to_1,raw_rf,0,0,66
suffix_2_to_1,raw_rf,0,1,0
suffix_2_to_1,raw_rf,0,2,1
suffix_2_to_1,raw_rf,0,3,13
suffix_2_to_1,raw_rf,0,4,0
suffix_2_to_1,raw_rf,0,5,0
suffix_2_to_1,raw_rf,0,6,0
suffix_2_to_1,raw_rf,0,7,0
suffix_2_to_1,raw_rf,1,0,0
suffix_2_to_1,raw_rf,1,1,46
suffix_2_to_1,raw_rf,1,2,4
suffix_2_to_1,raw_rf,1,3,0
suffix_2_to_1,raw_rf,1,4,1
suffix_2_to_1,raw_rf,1,5,16
suffix_2_to_1,raw_rf,1,6,10
suffix_2_to_1,raw_rf,1,7,3
suffix_2_to_1,raw_rf,2,0,1
suffix_2_to_1,raw_rf,2,1,13
suffix_2_to_1,raw_rf,2,2,37
suffix_2_to_1,raw_rf,2,3,1
suffix_2_to_1,raw_rf,2,4,11
suffix_2_to_1,raw_rf,2,5,6
suffix_2_to_1,raw_rf,2,6,7
suffix_2_to_1,raw_rf,2,7,4
suffix_2_to_1,raw_rf,3,0,13
suffix_2_to_1,raw_rf,3,1,0
suffix_2_to_1,raw_rf,3,2,0
suffix_2_to_1,raw_rf,3,3,67
suffix_2_to_1,raw_rf,3,4,0
suffix_2_to_1,raw_rf,3,5,0
suffix_2_to_1,raw_rf,3,6,0
suffix_2_to_1,raw_rf,3,7,0
suffix_2_to_1,raw_rf,4,0,0
suffix_2_to_1,raw_rf,4,1,4
suffix_2_to_1,raw_rf,4,2,14
suffix_2_to_1,raw_rf,4,3,0
suffix_2_to_1,raw_rf,4,4,63
suffix_2_to_1,raw_rf,4,5,0
suffix_2_to_1,raw_rf,4,6,1
suffix_2_to_1,raw_rf,4,7,8
suffix_2_to_1,raw_rf,5,0,0
suffix_2_to_1,raw_rf,5,1,6
suffix_2_to_1,raw_rf,5,2,3
suffix_2_to_1,raw_rf,5,3,0
suffix_2_to_1,raw_rf,5,4,3
suffix_2_to_1,raw_rf,5,5,39
suffix_2_to_1,raw_rf,5,6,14
suffix_2_to_1,raw_rf,5,7,15
suffix_2_to_1,raw_rf,6,0,0
suffix_2_to_1,raw_rf,6,1,17
suffix_2_to_1,raw_rf,6,2,13
suffix_2_to_1,raw_rf,6,3,0
suffix_2_to_1,raw_rf,6,4,3
suffix_2_to_1,raw_rf,6,5,19
suffix_2_to_1,raw_rf,6,6,22
suffix_2_to_1,raw_rf,6,7,6
suffix_2_to_1,raw_rf,7,0,0
suffix_2_to_1,raw_rf,7,1,3
suffix_2_to_1,raw_rf,7,2,0
suffix_2_to_1,raw_rf,7,3,0
suffix_2_to_1,raw_rf,7,4,0
suffix_2_to_1,raw_rf,7,5,5
suffix_2_to_1,raw_rf,7,6,2
suffix_2_to_1,raw_rf,7,7,70
suffix_2_to_1,snv_lr,0,0,80
suffix_2_to_1,snv_lr,0,1,0
suffix_2_to_1,snv_lr,0,2,0
suffix_2_to_1,snv_lr,0,3,0
suffix_2_to_1,snv_lr,0,4,0
suffix_2_to_1,snv_lr,0,5,0
suffix_2_to_1,snv_lr,0,6,0
suffix_2_to_1,snv_lr,0,7,0
suffix_2_to_1,snv_lr,1,0,0
suffix_2_to_1,snv_lr,1,1,77
suffix_2_to_1,snv_lr,1,2,2
suffix_2_to_1,snv_lr,1,3,0
suffix_2_to_1,snv_lr,1,4,0
suffix_2_to_1,snv_lr,1,5,0
suffix_2_to_1,snv_lr,1,6,1
suffix_2_to_1,snv_lr,1,7,0
suffix_2_to_1,snv_lr,2,0,0
suffix_2_to_1,snv_lr,2,1,0
suffix_2_to_1,snv_lr,2,2,57
suffix_2_to_1,snv_lr,2,3,1
suffix_2_to_1,snv_lr,2,4,9
suffix_2_to_1,snv_lr,2,5,6
suffix_2_to_1,snv_lr,2,6,7
suffix_2_to_1,snv_lr,2,7,0
suffix_2_to_1,snv_lr,3,0,3
suffix_2_to_1,snv_lr,3,1,0
suffix_2_to_1,snv_lr,3,2,1
suffix_2_to_1,snv_lr,3,3,75
suffix_2_to_1,snv_lr,3,4,0
suffix_2_to_1,snv_lr,3,5,0
suffix_2_to_1,snv_lr,3,6,1
suffix_2_to_1,snv_lr,3,7,0
suffix_2_to_1,snv_lr,4,0,0
suffix_2_to_1,snv_lr,4,1,0
suffix_2_to_1,snv_lr,4,2,1
suffix_2_to_1,snv_lr,4,3,0
suffix_2_to_1,snv_lr,4,4,88
suffix_2_to_1,snv_lr,4,5,0
suffix_2_to_1,snv_lr,4,6,1
suffix_2_to_1,snv_lr,4,7,0
suffix_2_to_1,snv_lr,5,0,0
suffix_2_to_1,snv_lr,5,1,14
suffix_2_to_1,snv_lr,5,2,4
suffix_2_to_1,snv_lr,5,3,0
suffix_2_to_1,snv_lr,5,4,0
suffix_2_to_1,snv_lr,5,5,56
suffix_2_to_1,snv_lr,5,6,1
suffix_2_to_1,snv_lr,5,7,5
suffix_2_to_1,snv_lr,6,0,0
suffix_2_to_1,snv_lr,6,1,7
suffix_2_to_1,snv_lr,6,2,3
suffix_2_to_1,snv_lr,6,3,1
suffix_2_to_1,snv_lr,6,4,0
suffix_2_to_1,snv_lr,6,5,6
suffix_2_to_1,snv_lr,6,6,62
suffix_2_to_1,snv_lr,6,7,1
suffix_2_to_1,snv_lr,7,0,0
suffix_2_to_1,snv_lr,7,1,0
suffix_2_to_1,snv_lr,7,2,0
suffix_2_to_1,snv_lr,7,3,0
suffix_2_to_1,snv_lr,7,4,0
suffix_2_to_1,snv_lr,7,5,0
suffix_2_to_1,snv_lr,7,6,0
suffix_2_to_1,snv_lr,7,7,80
suffix_2_to_1,msc_lr,0,0,80
suffix_2_to_1,msc_lr,0,1,0
suffix_2_to_1,msc_lr,0,2,0
suffix_2_to_1,msc_lr,0,3,0
suffix_2_to_1,msc_lr,0,4,0
suffix_2_to_1,msc_lr,0,5,0
suffix_2_to_1,msc_lr,0,6,0
suffix_2_to_1,msc_lr,0,7,0
suffix_2_to_1,msc_lr,1,0,0
suffix_2_to_1,msc_lr,1,1,75
suffix_2_to_1,msc_lr,1,2,4
suffix_2_to_1,msc_lr,1,3,0
suffix_2_to_1,msc_lr,1,4,0
suffix_2_to_1,msc_lr,1,5,0
suffix_2_to_1,msc_lr,1,6,0
suffix_2_to_1,msc_lr,1,7,1
suffix_2_to_1,msc_lr,2,0,0
suffix_2_to_1,msc_lr,2,1,0
suffix_2_to_1,msc_lr,2,2,57
suffix_2_to_1,msc_lr,2,3,1
suffix_2_to_1,msc_lr,2,4,11
suffix_2_to_1,msc_lr,2,5,6
suffix_2_to_1,msc_lr,2,6,5
suffix_2_to_1,msc_lr,2,7,0
suffix_2_to_1,msc_lr,3,0,3
suffix_2_to_1,msc_lr,3,1,0
suffix_2_to_1,msc_lr,3,2,0
suffix_2_to_1,msc_lr,3,3,75
suffix_2_to_1,msc_lr,3,4,0
suffix_2_to_1,msc_lr,3,5,1
suffix_2_to_1,msc_lr,3,6,1
suffix_2_to_1,msc_lr,3,7,0
suffix_2_to_1,msc_lr,4,0,0
suffix_2_to_1,msc_lr,4,1,0
suffix_2_to_1,msc_lr,4,2,9
suffix_2_to_1,msc_lr,4,3,0
suffix_2_to_1,msc_lr,4,4,81
suffix_2_to_1,msc_lr,4,5,0
suffix_2_to_1,msc_lr,4,6,0
suffix_2_to_1,msc_lr,4,7,0
suffix_2_to_1,msc_lr,5,0,0
suffix_2_to_1,msc_lr,5,1,15
suffix_2_to_1,msc_lr,5,2,3
suffix_2_to_1,msc_lr,5,3,0
suffix_2_to_1,msc_lr,5,4,0
suffix_2_to_1,msc_lr,5,5,55
suffix_2_to_1,msc_lr,5,6,1
suffix_2_to_1,msc_lr,5,7,6
suffix_2_to_1,msc_lr,6,0,0
suffix_2_to_1,msc_lr,6,1,10
suffix_2_to_1,msc_lr,6,2,3
suffix_2_to_1,msc_lr,6,3,2
suffix_2_to_1,msc_lr,6,4,0
suffix_2_to_1,msc_lr,6,5,4
suffix_2_to_1,msc_lr,6,6,60
suffix_2_to_1,msc_lr,6,7,1
suffix_2_to_1,msc_lr,7,0,0
suffix_2_to_1,msc_lr,7,1,0
suffix_2_to_1,msc_lr,7,2,0
suffix_2_to_1,msc_lr,7,3,0
suffix_2_to_1,msc_lr,7,4,0
suffix_2_to_1,msc_lr,7,5,1
suffix_2_to_1,msc_lr,7,6,0
suffix_2_to_1,msc_lr,7,7,79
suffix_2_to_1,sg_smooth_lr,0,0,73
suffix_2_to_1,sg_smooth_lr,0,1,0
suffix_2_to_1,sg_smooth_lr,0,2,0
suffix_2_to_1,sg_smooth_lr,0,3,7
suffix_2_to_1,sg_smooth_lr,0,4,0
suffix_2_to_1,sg_smooth_lr,0,5,0
suffix_2_to_1,sg_smooth_lr,0,6,0
suffix_2_to_1,sg_smooth_lr,0,7,0
suffix_2_to_1,sg_smooth_lr,1,0,0
suffix_2_to_1,sg_smooth_lr,1,1,70
suffix_2_to_1,sg_smooth_lr,1,2,1
suffix_2_to_1,sg_smooth_lr,1,3,0
suffix_2_to_1,sg_smooth_lr,1,4,0
suffix_2_to_1,sg_smooth_lr,1,5,4
suffix_2_to_1,sg_smooth_lr,1,6,3
suffix_2_to_1,sg_smooth_lr,1,7,2
suffix_2_to_1,sg_smooth_lr,2,0,0
suffix_2_to_1,sg_smooth_lr,2,1,1
suffix_2_to_1,sg_smooth_lr,2,2,51
suffix_2_to_1,sg_smooth_lr,2,3,1
suffix_2_to_1,sg_smooth_lr,2,4,13
suffix_2_to_1,sg_smooth_lr,2,5,7
suffix_2_to_1,sg_smooth_lr,2,6,7
suffix_2_to_1,sg_smooth_lr,2,7,0
suffix_2_to_1,sg_smooth_lr,3,0,5
suffix_2_to_1,sg_smooth_lr,3,1,0
suffix_2_to_1,sg_smooth_lr,3,2,0
suffix_2_to_1,sg_smooth_lr,3,3,75
suffix_2_to_1,sg_smooth_lr,3,4,0
suffix_2_to_1,sg_smooth_lr,3,5,0
suffix_2_to_1,sg_smooth_lr,3,6,0
suffix_2_to_1,sg_smooth_lr,3,7,0
suffix_2_to_1,sg_smooth_lr,4,0,0
suffix_2_to_1,sg_smooth_lr,4,1,1
suffix_2_to_1,sg_smooth_lr,4,2,7
suffix_2_to_1,sg_smooth_lr,4,3,0
suffix_2_to_1,sg_smooth_lr,4,4,80
suffix_2_to_1,sg_smooth_lr,4,5,0
suffix_2_to_1,sg_smooth_lr,4,6,0
suffix_2_to_1,sg_smooth_lr,4,7,2
suffix_2_to_1,sg_smooth_lr,5,0,0
suffix_2_to_1,sg_smooth_lr,5,1,5
suffix_2_to_1,sg_smooth_lr,5,2,1
suffix_2_to_1,sg_smooth_lr,5,3,0
suffix_2_to_1,sg_smooth_lr,5,4,0
suffix_2_to_1,sg_smooth_lr,5,5,58
suffix_2_to_1,sg_smooth_lr,5,6,12
suffix_2_to_1,sg_smooth_lr,5,7,4
suffix_2_to_1,sg_smooth_lr,6,0,0
suffix_2_to_1,sg_smooth_lr,6,1,14
suffix_2_to_1,sg_smooth_lr,6,2,7
suffix_2_to_1,sg_smooth_lr,6,3,0
suffix_2_to_1,sg_smooth_lr,6,4,1
suffix_2_to_1,sg_smooth_lr,6,5,17
suffix_2_to_1,sg_smooth_lr,6,6,40
suffix_2_to_1,sg_smooth_lr,6,7,1
suffix_2_to_1,sg_smooth_lr,7,0,0
suffix_2_to_1,sg_smooth_lr,7,1,0
suffix_2_to_1,sg_smooth_lr,7,2,0
suffix_2_to_1,sg_smooth_lr,7,3,0
suffix_2_to_1,sg_smooth_lr,7,4,0
suffix_2_to_1,sg_smooth_lr,7,5,1
suffix_2_to_1,sg_smooth_lr,7,6,0
suffix_2_to_1,sg_smooth_lr,7,7,79
suffix_2_to_1,sg_first_derivative_lr,0,0,80
suffix_2_to_1,sg_first_derivative_lr,0,1,0
suffix_2_to_1,sg_first_derivative_lr,0,2,0
suffix_2_to_1,sg_first_derivative_lr,0,3,0
suffix_2_to_1,sg_first_derivative_lr,0,4,0
suffix_2_to_1,sg_first_derivative_lr,0,5,0
suffix_2_to_1,sg_first_derivative_lr,0,6,0
suffix_2_to_1,sg_first_derivative_lr,0,7,0
suffix_2_to_1,sg_first_derivative_lr,1,0,0
suffix_2_to_1,sg_first_derivative_lr,1,1,78
suffix_2_to_1,sg_first_derivative_lr,1,2,1
suffix_2_to_1,sg_first_derivative_lr,1,3,0
suffix_2_to_1,sg_first_derivative_lr,1,4,0
suffix_2_to_1,sg_first_derivative_lr,1,5,0
suffix_2_to_1,sg_first_derivative_lr,1,6,1
suffix_2_to_1,sg_first_derivative_lr,1,7,0
suffix_2_to_1,sg_first_derivative_lr,2,0,0
suffix_2_to_1,sg_first_derivative_lr,2,1,0
suffix_2_to_1,sg_first_derivative_lr,2,2,56
suffix_2_to_1,sg_first_derivative_lr,2,3,0
suffix_2_to_1,sg_first_derivative_lr,2,4,12
suffix_2_to_1,sg_first_derivative_lr,2,5,12
suffix_2_to_1,sg_first_derivative_lr,2,6,0
suffix_2_to_1,sg_first_derivative_lr,2,7,0
suffix_2_to_1,sg_first_derivative_lr,3,0,0
suffix_2_to_1,sg_first_derivative_lr,3,1,0
suffix_2_to_1,sg_first_derivative_lr,3,2,0
suffix_2_to_1,sg_first_derivative_lr,3,3,80
suffix_2_to_1,sg_first_derivative_lr,3,4,0
suffix_2_to_1,sg_first_derivative_lr,3,5,0
suffix_2_to_1,sg_first_derivative_lr,3,6,0
suffix_2_to_1,sg_first_derivative_lr,3,7,0
suffix_2_to_1,sg_first_derivative_lr,4,0,0
suffix_2_to_1,sg_first_derivative_lr,4,1,0
suffix_2_to_1,sg_first_derivative_lr,4,2,16
suffix_2_to_1,sg_first_derivative_lr,4,3,0
suffix_2_to_1,sg_first_derivative_lr,4,4,72
suffix_2_to_1,sg_first_derivative_lr,4,5,0
suffix_2_to_1,sg_first_derivative_lr,4,6,0
suffix_2_to_1,sg_first_derivative_lr,4,7,2
suffix_2_to_1,sg_first_derivative_lr,5,0,0
suffix_2_to_1,sg_first_derivative_lr,5,1,34
suffix_2_to_1,sg_first_derivative_lr,5,2,7
suffix_2_to_1,sg_first_derivative_lr,5,3,0
suffix_2_to_1,sg_first_derivative_lr,5,4,0
suffix_2_to_1,sg_first_derivative_lr,5,5,35
suffix_2_to_1,sg_first_derivative_lr,5,6,0
suffix_2_to_1,sg_first_derivative_lr,5,7,4
suffix_2_to_1,sg_first_derivative_lr,6,0,0
suffix_2_to_1,sg_first_derivative_lr,6,1,15
suffix_2_to_1,sg_first_derivative_lr,6,2,0
suffix_2_to_1,sg_first_derivative_lr,6,3,0
suffix_2_to_1,sg_first_derivative_lr,6,4,0
suffix_2_to_1,sg_first_derivative_lr,6,5,0
suffix_2_to_1,sg_first_derivative_lr,6,6,64
suffix_2_to_1,sg_first_derivative_lr,6,7,1
suffix_2_to_1,sg_first_derivative_lr,7,0,0
suffix_2_to_1,sg_first_derivative_lr,7,1,0
suffix_2_to_1,sg_first_derivative_lr,7,2,0
suffix_2_to_1,sg_first_derivative_lr,7,3,0
suffix_2_to_1,sg_first_derivative_lr,7,4,0
suffix_2_to_1,sg_first_derivative_lr,7,5,1
suffix_2_to_1,sg_first_derivative_lr,7,6,0
suffix_2_to_1,sg_first_derivative_lr,7,7,79
leave_one_cube_out,raw_lr,0,0,135
leave_one_cube_out,raw_lr,0,1,0
leave_one_cube_out,raw_lr,0,2,0
leave_one_cube_out,raw_lr,0,3,24
leave_one_cube_out,raw_lr,0,4,1
leave_one_cube_out,raw_lr,0,5,0
leave_one_cube_out,raw_lr,0,6,0
leave_one_cube_out,raw_lr,0,7,0
leave_one_cube_out,raw_lr,1,0,0
leave_one_cube_out,raw_lr,1,1,133
leave_one_cube_out,raw_lr,1,2,3
leave_one_cube_out,raw_lr,1,3,0
leave_one_cube_out,raw_lr,1,4,0
leave_one_cube_out,raw_lr,1,5,13
leave_one_cube_out,raw_lr,1,6,11
leave_one_cube_out,raw_lr,1,7,0
leave_one_cube_out,raw_lr,2,0,0
leave_one_cube_out,raw_lr,2,1,0
leave_one_cube_out,raw_lr,2,2,89
leave_one_cube_out,raw_lr,2,3,1
leave_one_cube_out,raw_lr,2,4,43
leave_one_cube_out,raw_lr,2,5,6
leave_one_cube_out,raw_lr,2,6,20
leave_one_cube_out,raw_lr,2,7,1
leave_one_cube_out,raw_lr,3,0,34
leave_one_cube_out,raw_lr,3,1,0
leave_one_cube_out,raw_lr,3,2,0
leave_one_cube_out,raw_lr,3,3,126
leave_one_cube_out,raw_lr,3,4,0
leave_one_cube_out,raw_lr,3,5,0
leave_one_cube_out,raw_lr,3,6,0
leave_one_cube_out,raw_lr,3,7,0
leave_one_cube_out,raw_lr,4,0,0
leave_one_cube_out,raw_lr,4,1,1
leave_one_cube_out,raw_lr,4,2,15
leave_one_cube_out,raw_lr,4,3,0
leave_one_cube_out,raw_lr,4,4,148
leave_one_cube_out,raw_lr,4,5,1
leave_one_cube_out,raw_lr,4,6,0
leave_one_cube_out,raw_lr,4,7,5
leave_one_cube_out,raw_lr,5,0,0
leave_one_cube_out,raw_lr,5,1,14
leave_one_cube_out,raw_lr,5,2,1
leave_one_cube_out,raw_lr,5,3,0
leave_one_cube_out,raw_lr,5,4,0
leave_one_cube_out,raw_lr,5,5,67
leave_one_cube_out,raw_lr,5,6,73
leave_one_cube_out,raw_lr,5,7,5
leave_one_cube_out,raw_lr,6,0,0
leave_one_cube_out,raw_lr,6,1,30
leave_one_cube_out,raw_lr,6,2,22
leave_one_cube_out,raw_lr,6,3,0
leave_one_cube_out,raw_lr,6,4,1
leave_one_cube_out,raw_lr,6,5,46
leave_one_cube_out,raw_lr,6,6,59
leave_one_cube_out,raw_lr,6,7,2
leave_one_cube_out,raw_lr,7,0,0
leave_one_cube_out,raw_lr,7,1,2
leave_one_cube_out,raw_lr,7,2,0
leave_one_cube_out,raw_lr,7,3,0
leave_one_cube_out,raw_lr,7,4,0
leave_one_cube_out,raw_lr,7,5,2
leave_one_cube_out,raw_lr,7,6,0
leave_one_cube_out,raw_lr,7,7,130
leave_one_cube_out,raw_svm,0,0,105
leave_one_cube_out,raw_svm,0,1,0
leave_one_cube_out,raw_svm,0,2,0
leave_one_cube_out,raw_svm,0,3,54
leave_one_cube_out,raw_svm,0,4,1
leave_one_cube_out,raw_svm,0,5,0
leave_one_cube_out,raw_svm,0,6,0
leave_one_cube_out,raw_svm,0,7,0
leave_one_cube_out,raw_svm,1,0,0
leave_one_cube_out,raw_svm,1,1,81
leave_one_cube_out,raw_svm,1,2,22
leave_one_cube_out,raw_svm,1,3,0
leave_one_cube_out,raw_svm,1,4,1
leave_one_cube_out,raw_svm,1,5,29
leave_one_cube_out,raw_svm,1,6,24
leave_one_cube_out,raw_svm,1,7,3
leave_one_cube_out,raw_svm,2,0,1
leave_one_cube_out,raw_svm,2,1,26
leave_one_cube_out,raw_svm,2,2,59
leave_one_cube_out,raw_svm,2,3,2
leave_one_cube_out,raw_svm,2,4,28
leave_one_cube_out,raw_svm,2,5,10
leave_one_cube_out,raw_svm,2,6,30
leave_one_cube_out,raw_svm,2,7,4
leave_one_cube_out,raw_svm,3,0,49
leave_one_cube_out,raw_svm,3,1,0
leave_one_cube_out,raw_svm,3,2,0
leave_one_cube_out,raw_svm,3,3,111
leave_one_cube_out,raw_svm,3,4,0
leave_one_cube_out,raw_svm,3,5,0
leave_one_cube_out,raw_svm,3,6,0
leave_one_cube_out,raw_svm,3,7,0
leave_one_cube_out,raw_svm,4,0,0
leave_one_cube_out,raw_svm,4,1,10
leave_one_cube_out,raw_svm,4,2,22
leave_one_cube_out,raw_svm,4,3,0
leave_one_cube_out,raw_svm,4,4,122
leave_one_cube_out,raw_svm,4,5,1
leave_one_cube_out,raw_svm,4,6,1
leave_one_cube_out,raw_svm,4,7,14
leave_one_cube_out,raw_svm,5,0,0
leave_one_cube_out,raw_svm,5,1,27
leave_one_cube_out,raw_svm,5,2,1
leave_one_cube_out,raw_svm,5,3,0
leave_one_cube_out,raw_svm,5,4,0
leave_one_cube_out,raw_svm,5,5,39
leave_one_cube_out,raw_svm,5,6,82
leave_one_cube_out,raw_svm,5,7,11
leave_one_cube_out,raw_svm,6,0,0
leave_one_cube_out,raw_svm,6,1,34
leave_one_cube_out,raw_svm,6,2,38
leave_one_cube_out,raw_svm,6,3,0
leave_one_cube_out,raw_svm,6,4,3
leave_one_cube_out,raw_svm,6,5,76
leave_one_cube_out,raw_svm,6,6,4
leave_one_cube_out,raw_svm,6,7,5
leave_one_cube_out,raw_svm,7,0,0
leave_one_cube_out,raw_svm,7,1,9
leave_one_cube_out,raw_svm,7,2,1
leave_one_cube_out,raw_svm,7,3,0
leave_one_cube_out,raw_svm,7,4,0
leave_one_cube_out,raw_svm,7,5,1
leave_one_cube_out,raw_svm,7,6,0
leave_one_cube_out,raw_svm,7,7,123
leave_one_cube_out,raw_pls_da,0,0,129
leave_one_cube_out,raw_pls_da,0,1,0
leave_one_cube_out,raw_pls_da,0,2,0
leave_one_cube_out,raw_pls_da,0,3,29
leave_one_cube_out,raw_pls_da,0,4,0
leave_one_cube_out,raw_pls_da,0,5,0
leave_one_cube_out,raw_pls_da,0,6,0
leave_one_cube_out,raw_pls_da,0,7,2
leave_one_cube_out,raw_pls_da,1,0,0
leave_one_cube_out,raw_pls_da,1,1,153
leave_one_cube_out,raw_pls_da,1,2,5
leave_one_cube_out,raw_pls_da,1,3,0
leave_one_cube_out,raw_pls_da,1,4,0
leave_one_cube_out,raw_pls_da,1,5,1
leave_one_cube_out,raw_pls_da,1,6,1
leave_one_cube_out,raw_pls_da,1,7,0
leave_one_cube_out,raw_pls_da,2,0,0
leave_one_cube_out,raw_pls_da,2,1,7
leave_one_cube_out,raw_pls_da,2,2,54
leave_one_cube_out,raw_pls_da,2,3,0
leave_one_cube_out,raw_pls_da,2,4,93
leave_one_cube_out,raw_pls_da,2,5,6
leave_one_cube_out,raw_pls_da,2,6,0
leave_one_cube_out,raw_pls_da,2,7,0
leave_one_cube_out,raw_pls_da,3,0,48
leave_one_cube_out,raw_pls_da,3,1,3
leave_one_cube_out,raw_pls_da,3,2,1
leave_one_cube_out,raw_pls_da,3,3,101
leave_one_cube_out,raw_pls_da,3,4,0
leave_one_cube_out,raw_pls_da,3,5,0
leave_one_cube_out,raw_pls_da,3,6,7
leave_one_cube_out,raw_pls_da,3,7,0
leave_one_cube_out,raw_pls_da,4,0,3
leave_one_cube_out,raw_pls_da,4,1,0
leave_one_cube_out,raw_pls_da,4,2,65
leave_one_cube_out,raw_pls_da,4,3,0
leave_one_cube_out,raw_pls_da,4,4,95
leave_one_cube_out,raw_pls_da,4,5,0
leave_one_cube_out,raw_pls_da,4,6,2
leave_one_cube_out,raw_pls_da,4,7,5
leave_one_cube_out,raw_pls_da,5,0,1
leave_one_cube_out,raw_pls_da,5,1,21
leave_one_cube_out,raw_pls_da,5,2,1
leave_one_cube_out,raw_pls_da,5,3,0
leave_one_cube_out,raw_pls_da,5,4,0
leave_one_cube_out,raw_pls_da,5,5,66
leave_one_cube_out,raw_pls_da,5,6,45
leave_one_cube_out,raw_pls_da,5,7,26
leave_one_cube_out,raw_pls_da,6,0,0
leave_one_cube_out,raw_pls_da,6,1,20
leave_one_cube_out,raw_pls_da,6,2,1
leave_one_cube_out,raw_pls_da,6,3,8
leave_one_cube_out,raw_pls_da,6,4,0
leave_one_cube_out,raw_pls_da,6,5,20
leave_one_cube_out,raw_pls_da,6,6,98
leave_one_cube_out,raw_pls_da,6,7,13
leave_one_cube_out,raw_pls_da,7,0,1
leave_one_cube_out,raw_pls_da,7,1,0
leave_one_cube_out,raw_pls_da,7,2,1
leave_one_cube_out,raw_pls_da,7,3,0
leave_one_cube_out,raw_pls_da,7,4,0
leave_one_cube_out,raw_pls_da,7,5,41
leave_one_cube_out,raw_pls_da,7,6,2
leave_one_cube_out,raw_pls_da,7,7,89
leave_one_cube_out,raw_rf,0,0,95
leave_one_cube_out,raw_rf,0,1,0
leave_one_cube_out,raw_rf,0,2,5
leave_one_cube_out,raw_rf,0,3,60
leave_one_cube_out,raw_rf,0,4,0
leave_one_cube_out,raw_rf,0,5,0
leave_one_cube_out,raw_rf,0,6,0
leave_one_cube_out,raw_rf,0,7,0
leave_one_cube_out,raw_rf,1,0,0
leave_one_cube_out,raw_rf,1,1,60
leave_one_cube_out,raw_rf,1,2,24
leave_one_cube_out,raw_rf,1,3,0
leave_one_cube_out,raw_rf,1,4,3
leave_one_cube_out,raw_rf,1,5,26
leave_one_cube_out,raw_rf,1,6,42
leave_one_cube_out,raw_rf,1,7,5
leave_one_cube_out,raw_rf,2,0,4
leave_one_cube_out,raw_rf,2,1,32
leave_one_cube_out,raw_rf,2,2,57
leave_one_cube_out,raw_rf,2,3,2
leave_one_cube_out,raw_rf,2,4,33
leave_one_cube_out,raw_rf,2,5,11
leave_one_cube_out,raw_rf,2,6,17
leave_one_cube_out,raw_rf,2,7,4
leave_one_cube_out,raw_rf,3,0,56
leave_one_cube_out,raw_rf,3,1,0
leave_one_cube_out,raw_rf,3,2,0
leave_one_cube_out,raw_rf,3,3,104
leave_one_cube_out,raw_rf,3,4,0
leave_one_cube_out,raw_rf,3,5,0
leave_one_cube_out,raw_rf,3,6,0
leave_one_cube_out,raw_rf,3,7,0
leave_one_cube_out,raw_rf,4,0,0
leave_one_cube_out,raw_rf,4,1,11
leave_one_cube_out,raw_rf,4,2,22
leave_one_cube_out,raw_rf,4,3,0
leave_one_cube_out,raw_rf,4,4,115
leave_one_cube_out,raw_rf,4,5,1
leave_one_cube_out,raw_rf,4,6,4
leave_one_cube_out,raw_rf,4,7,17
leave_one_cube_out,raw_rf,5,0,0
leave_one_cube_out,raw_rf,5,1,28
leave_one_cube_out,raw_rf,5,2,5
leave_one_cube_out,raw_rf,5,3,0
leave_one_cube_out,raw_rf,5,4,5
leave_one_cube_out,raw_rf,5,5,43
leave_one_cube_out,raw_rf,5,6,60
leave_one_cube_out,raw_rf,5,7,19
leave_one_cube_out,raw_rf,6,0,0
leave_one_cube_out,raw_rf,6,1,36
leave_one_cube_out,raw_rf,6,2,29
leave_one_cube_out,raw_rf,6,3,0
leave_one_cube_out,raw_rf,6,4,8
leave_one_cube_out,raw_rf,6,5,59
leave_one_cube_out,raw_rf,6,6,20
leave_one_cube_out,raw_rf,6,7,8
leave_one_cube_out,raw_rf,7,0,0
leave_one_cube_out,raw_rf,7,1,8
leave_one_cube_out,raw_rf,7,2,0
leave_one_cube_out,raw_rf,7,3,0
leave_one_cube_out,raw_rf,7,4,1
leave_one_cube_out,raw_rf,7,5,14
leave_one_cube_out,raw_rf,7,6,6
leave_one_cube_out,raw_rf,7,7,105
leave_one_cube_out,snv_lr,0,0,154
leave_one_cube_out,snv_lr,0,1,0
leave_one_cube_out,snv_lr,0,2,0
leave_one_cube_out,snv_lr,0,3,4
leave_one_cube_out,snv_lr,0,4,2
leave_one_cube_out,snv_lr,0,5,0
leave_one_cube_out,snv_lr,0,6,0
leave_one_cube_out,snv_lr,0,7,0
leave_one_cube_out,snv_lr,1,0,0
leave_one_cube_out,snv_lr,1,1,150
leave_one_cube_out,snv_lr,1,2,1
leave_one_cube_out,snv_lr,1,3,0
leave_one_cube_out,snv_lr,1,4,0
leave_one_cube_out,snv_lr,1,5,3
leave_one_cube_out,snv_lr,1,6,6
leave_one_cube_out,snv_lr,1,7,0
leave_one_cube_out,snv_lr,2,0,0
leave_one_cube_out,snv_lr,2,1,1
leave_one_cube_out,snv_lr,2,2,89
leave_one_cube_out,snv_lr,2,3,1
leave_one_cube_out,snv_lr,2,4,51
leave_one_cube_out,snv_lr,2,5,10
leave_one_cube_out,snv_lr,2,6,7
leave_one_cube_out,snv_lr,2,7,1
leave_one_cube_out,snv_lr,3,0,8
leave_one_cube_out,snv_lr,3,1,0
leave_one_cube_out,snv_lr,3,2,1
leave_one_cube_out,snv_lr,3,3,149
leave_one_cube_out,snv_lr,3,4,0
leave_one_cube_out,snv_lr,3,5,0
leave_one_cube_out,snv_lr,3,6,2
leave_one_cube_out,snv_lr,3,7,0
leave_one_cube_out,snv_lr,4,0,0
leave_one_cube_out,snv_lr,4,1,0
leave_one_cube_out,snv_lr,4,2,16
leave_one_cube_out,snv_lr,4,3,2
leave_one_cube_out,snv_lr,4,4,151
leave_one_cube_out,snv_lr,4,5,0
leave_one_cube_out,snv_lr,4,6,0
leave_one_cube_out,snv_lr,4,7,1
leave_one_cube_out,snv_lr,5,0,0
leave_one_cube_out,snv_lr,5,1,32
leave_one_cube_out,snv_lr,5,2,2
leave_one_cube_out,snv_lr,5,3,0
leave_one_cube_out,snv_lr,5,4,0
leave_one_cube_out,snv_lr,5,5,48
leave_one_cube_out,snv_lr,5,6,69
leave_one_cube_out,snv_lr,5,7,9
leave_one_cube_out,snv_lr,6,0,0
leave_one_cube_out,snv_lr,6,1,13
leave_one_cube_out,snv_lr,6,2,1
leave_one_cube_out,snv_lr,6,3,1
leave_one_cube_out,snv_lr,6,4,0
leave_one_cube_out,snv_lr,6,5,17
leave_one_cube_out,snv_lr,6,6,126
leave_one_cube_out,snv_lr,6,7,2
leave_one_cube_out,snv_lr,7,0,0
leave_one_cube_out,snv_lr,7,1,0
leave_one_cube_out,snv_lr,7,2,0
leave_one_cube_out,snv_lr,7,3,0
leave_one_cube_out,snv_lr,7,4,0
leave_one_cube_out,snv_lr,7,5,2
leave_one_cube_out,snv_lr,7,6,0
leave_one_cube_out,snv_lr,7,7,132
leave_one_cube_out,msc_lr,0,0,154
leave_one_cube_out,msc_lr,0,1,0
leave_one_cube_out,msc_lr,0,2,0
leave_one_cube_out,msc_lr,0,3,4
leave_one_cube_out,msc_lr,0,4,1
leave_one_cube_out,msc_lr,0,5,0
leave_one_cube_out,msc_lr,0,6,0
leave_one_cube_out,msc_lr,0,7,1
leave_one_cube_out,msc_lr,1,0,0
leave_one_cube_out,msc_lr,1,1,149
leave_one_cube_out,msc_lr,1,2,1
leave_one_cube_out,msc_lr,1,3,0
leave_one_cube_out,msc_lr,1,4,0
leave_one_cube_out,msc_lr,1,5,4
leave_one_cube_out,msc_lr,1,6,6
leave_one_cube_out,msc_lr,1,7,0
leave_one_cube_out,msc_lr,2,0,0
leave_one_cube_out,msc_lr,2,1,2
leave_one_cube_out,msc_lr,2,2,65
leave_one_cube_out,msc_lr,2,3,0
leave_one_cube_out,msc_lr,2,4,77
leave_one_cube_out,msc_lr,2,5,7
leave_one_cube_out,msc_lr,2,6,9
leave_one_cube_out,msc_lr,2,7,0
leave_one_cube_out,msc_lr,3,0,8
leave_one_cube_out,msc_lr,3,1,0
leave_one_cube_out,msc_lr,3,2,1
leave_one_cube_out,msc_lr,3,3,150
leave_one_cube_out,msc_lr,3,4,0
leave_one_cube_out,msc_lr,3,5,0
leave_one_cube_out,msc_lr,3,6,1
leave_one_cube_out,msc_lr,3,7,0
leave_one_cube_out,msc_lr,4,0,0
leave_one_cube_out,msc_lr,4,1,0
leave_one_cube_out,msc_lr,4,2,47
leave_one_cube_out,msc_lr,4,3,2
leave_one_cube_out,msc_lr,4,4,120
leave_one_cube_out,msc_lr,4,5,0
leave_one_cube_out,msc_lr,4,6,0
leave_one_cube_out,msc_lr,4,7,1
leave_one_cube_out,msc_lr,5,0,0
leave_one_cube_out,msc_lr,5,1,37
leave_one_cube_out,msc_lr,5,2,1
leave_one_cube_out,msc_lr,5,3,0
leave_one_cube_out,msc_lr,5,4,0
leave_one_cube_out,msc_lr,5,5,47
leave_one_cube_out,msc_lr,5,6,66
leave_one_cube_out,msc_lr,5,7,9
leave_one_cube_out,msc_lr,6,0,0
leave_one_cube_out,msc_lr,6,1,16
leave_one_cube_out,msc_lr,6,2,1
leave_one_cube_out,msc_lr,6,3,1
leave_one_cube_out,msc_lr,6,4,0
leave_one_cube_out,msc_lr,6,5,16
leave_one_cube_out,msc_lr,6,6,124
leave_one_cube_out,msc_lr,6,7,2
leave_one_cube_out,msc_lr,7,0,0
leave_one_cube_out,msc_lr,7,1,0
leave_one_cube_out,msc_lr,7,2,0
leave_one_cube_out,msc_lr,7,3,0
leave_one_cube_out,msc_lr,7,4,0
leave_one_cube_out,msc_lr,7,5,3
leave_one_cube_out,msc_lr,7,6,0
leave_one_cube_out,msc_lr,7,7,131
leave_one_cube_out,sg_smooth_lr,0,0,135
leave_one_cube_out,sg_smooth_lr,0,1,0
leave_one_cube_out,sg_smooth_lr,0,2,0
leave_one_cube_out,sg_smooth_lr,0,3,24
leave_one_cube_out,sg_smooth_lr,0,4,1
leave_one_cube_out,sg_smooth_lr,0,5,0
leave_one_cube_out,sg_smooth_lr,0,6,0
leave_one_cube_out,sg_smooth_lr,0,7,0
leave_one_cube_out,sg_smooth_lr,1,0,0
leave_one_cube_out,sg_smooth_lr,1,1,133
leave_one_cube_out,sg_smooth_lr,1,2,3
leave_one_cube_out,sg_smooth_lr,1,3,0
leave_one_cube_out,sg_smooth_lr,1,4,0
leave_one_cube_out,sg_smooth_lr,1,5,13
leave_one_cube_out,sg_smooth_lr,1,6,11
leave_one_cube_out,sg_smooth_lr,1,7,0
leave_one_cube_out,sg_smooth_lr,2,0,0
leave_one_cube_out,sg_smooth_lr,2,1,0
leave_one_cube_out,sg_smooth_lr,2,2,91
leave_one_cube_out,sg_smooth_lr,2,3,1
leave_one_cube_out,sg_smooth_lr,2,4,41
leave_one_cube_out,sg_smooth_lr,2,5,6
leave_one_cube_out,sg_smooth_lr,2,6,20
leave_one_cube_out,sg_smooth_lr,2,7,1
leave_one_cube_out,sg_smooth_lr,3,0,33
leave_one_cube_out,sg_smooth_lr,3,1,0
leave_one_cube_out,sg_smooth_lr,3,2,0
leave_one_cube_out,sg_smooth_lr,3,3,127
leave_one_cube_out,sg_smooth_lr,3,4,0
leave_one_cube_out,sg_smooth_lr,3,5,0
leave_one_cube_out,sg_smooth_lr,3,6,0
leave_one_cube_out,sg_smooth_lr,3,7,0
leave_one_cube_out,sg_smooth_lr,4,0,0
leave_one_cube_out,sg_smooth_lr,4,1,1
leave_one_cube_out,sg_smooth_lr,4,2,15
leave_one_cube_out,sg_smooth_lr,4,3,0
leave_one_cube_out,sg_smooth_lr,4,4,148
leave_one_cube_out,sg_smooth_lr,4,5,1
leave_one_cube_out,sg_smooth_lr,4,6,0
leave_one_cube_out,sg_smooth_lr,4,7,5
leave_one_cube_out,sg_smooth_lr,5,0,0
leave_one_cube_out,sg_smooth_lr,5,1,13
leave_one_cube_out,sg_smooth_lr,5,2,1
leave_one_cube_out,sg_smooth_lr,5,3,0
leave_one_cube_out,sg_smooth_lr,5,4,0
leave_one_cube_out,sg_smooth_lr,5,5,67
leave_one_cube_out,sg_smooth_lr,5,6,73
leave_one_cube_out,sg_smooth_lr,5,7,6
leave_one_cube_out,sg_smooth_lr,6,0,0
leave_one_cube_out,sg_smooth_lr,6,1,31
leave_one_cube_out,sg_smooth_lr,6,2,23
leave_one_cube_out,sg_smooth_lr,6,3,0
leave_one_cube_out,sg_smooth_lr,6,4,1
leave_one_cube_out,sg_smooth_lr,6,5,46
leave_one_cube_out,sg_smooth_lr,6,6,57
leave_one_cube_out,sg_smooth_lr,6,7,2
leave_one_cube_out,sg_smooth_lr,7,0,0
leave_one_cube_out,sg_smooth_lr,7,1,2
leave_one_cube_out,sg_smooth_lr,7,2,0
leave_one_cube_out,sg_smooth_lr,7,3,0
leave_one_cube_out,sg_smooth_lr,7,4,0
leave_one_cube_out,sg_smooth_lr,7,5,2
leave_one_cube_out,sg_smooth_lr,7,6,0
leave_one_cube_out,sg_smooth_lr,7,7,130
leave_one_cube_out,sg_first_derivative_lr,0,0,156
leave_one_cube_out,sg_first_derivative_lr,0,1,0
leave_one_cube_out,sg_first_derivative_lr,0,2,0
leave_one_cube_out,sg_first_derivative_lr,0,3,4
leave_one_cube_out,sg_first_derivative_lr,0,4,0
leave_one_cube_out,sg_first_derivative_lr,0,5,0
leave_one_cube_out,sg_first_derivative_lr,0,6,0
leave_one_cube_out,sg_first_derivative_lr,0,7,0
leave_one_cube_out,sg_first_derivative_lr,1,0,0
leave_one_cube_out,sg_first_derivative_lr,1,1,153
leave_one_cube_out,sg_first_derivative_lr,1,2,2
leave_one_cube_out,sg_first_derivative_lr,1,3,0
leave_one_cube_out,sg_first_derivative_lr,1,4,0
leave_one_cube_out,sg_first_derivative_lr,1,5,2
leave_one_cube_out,sg_first_derivative_lr,1,6,3
leave_one_cube_out,sg_first_derivative_lr,1,7,0
leave_one_cube_out,sg_first_derivative_lr,2,0,0
leave_one_cube_out,sg_first_derivative_lr,2,1,2
leave_one_cube_out,sg_first_derivative_lr,2,2,62
leave_one_cube_out,sg_first_derivative_lr,2,3,0
leave_one_cube_out,sg_first_derivative_lr,2,4,81
leave_one_cube_out,sg_first_derivative_lr,2,5,13
leave_one_cube_out,sg_first_derivative_lr,2,6,2
leave_one_cube_out,sg_first_derivative_lr,2,7,0
leave_one_cube_out,sg_first_derivative_lr,3,0,8
leave_one_cube_out,sg_first_derivative_lr,3,1,0
leave_one_cube_out,sg_first_derivative_lr,3,2,0
leave_one_cube_out,sg_first_derivative_lr,3,3,150
leave_one_cube_out,sg_first_derivative_lr,3,4,0
leave_one_cube_out,sg_first_derivative_lr,3,5,0
leave_one_cube_out,sg_first_derivative_lr,3,6,2
leave_one_cube_out,sg_first_derivative_lr,3,7,0
leave_one_cube_out,sg_first_derivative_lr,4,0,0
leave_one_cube_out,sg_first_derivative_lr,4,1,0
leave_one_cube_out,sg_first_derivative_lr,4,2,47
leave_one_cube_out,sg_first_derivative_lr,4,3,0
leave_one_cube_out,sg_first_derivative_lr,4,4,116
leave_one_cube_out,sg_first_derivative_lr,4,5,0
leave_one_cube_out,sg_first_derivative_lr,4,6,3
leave_one_cube_out,sg_first_derivative_lr,4,7,4
leave_one_cube_out,sg_first_derivative_lr,5,0,0
leave_one_cube_out,sg_first_derivative_lr,5,1,42
leave_one_cube_out,sg_first_derivative_lr,5,2,2
leave_one_cube_out,sg_first_derivative_lr,5,3,0
leave_one_cube_out,sg_first_derivative_lr,5,4,0
leave_one_cube_out,sg_first_derivative_lr,5,5,63
leave_one_cube_out,sg_first_derivative_lr,5,6,47
leave_one_cube_out,sg_first_derivative_lr,5,7,6
leave_one_cube_out,sg_first_derivative_lr,6,0,0
leave_one_cube_out,sg_first_derivative_lr,6,1,16
leave_one_cube_out,sg_first_derivative_lr,6,2,0
leave_one_cube_out,sg_first_derivative_lr,6,3,0
leave_one_cube_out,sg_first_derivative_lr,6,4,0
leave_one_cube_out,sg_first_derivative_lr,6,5,0
leave_one_cube_out,sg_first_derivative_lr,6,6,142
leave_one_cube_out,sg_first_derivative_lr,6,7,2
leave_one_cube_out,sg_first_derivative_lr,7,0,0
leave_one_cube_out,sg_first_derivative_lr,7,1,0
leave_one_cube_out,sg_first_derivative_lr,7,2,0
leave_one_cube_out,sg_first_derivative_lr,7,3,0
leave_one_cube_out,sg_first_derivative_lr,7,4,0
leave_one_cube_out,sg_first_derivative_lr,7,5,2
leave_one_cube_out,sg_first_derivative_lr,7,6,1
leave_one_cube_out,sg_first_derivative_lr,7,7,131
